1,Taiping,Kropf,674,388
2,Fond du Sac,Kim,330,954
3,Pueblo Nuevo,Laurel,129,870
4,Ciilat,Golf View,368,523
5,Xiaozhoushan,West,369,128
6,Mojoroto,Shelley,270,615
7,Puno,Haas,915,957
8,Anta,Rutledge,450,373
9,Liangbing,Grasskamp,195,196
10,Zhangdian,Shelley,946,200
11,Romanovo,Heath,203,865
12,Oslo,Dakota,794,826
13,Przecław,Duke,92,534
14,Longcheng,Mcbride,252,77
15,Bilian,Luster,266,656
16,Moshkovo,Portage,982,541
17,Hägersten,Farmco,995,575
18,Lyskovo,Hayes,794,734
19,Göteborg,Southridge,787,280
20,Rääkkylä,Ohio,745,687
21,Ipoh,Orin,747,119
22,Norton,Hovde,528,117
23,Marapat,Tomscot,357,601
24,Hollola,Carpenter,268,606
25,Leeuwarden,Dahle,353,865
26,Piritiba,Everett,834,909
27,Sousse,Kedzie,638,179
28,Cát Bà,Becker,705,506
29,Pasir Mas,Center,107,1
30,Baranowo,Marquette,832,466
31,Potęgowo,Bultman,271,300
32,Ouranoupolis,Hansons,628,392
33,Sogod,Melby,693,570
34,Hrušovany u Brna,Jay,125,957
35,Sal’sk,Victoria,639,70
36,Stýpsi,Washington,648,705
37,Wunat,Chive,393,689
38,Avellaneda,Forest Dale,708,662
39,Guilmaro,Straubel,436,316
40,Kout na Šumavě,Myrtle,946,550
41,Nuuk,Pine View,952,283
42,Byerazino,Clemons,64,539
43,Tegarenkrajan,Nelson,989,475
44,Bayt Ūlā,New Castle,542,666
45,Rū-ye Sang,Delaware,985,816
46,Nizhniy Kurkuzhin,Mosinee,500,261
47,Tongqing,Mcbride,778,672
48,Mobaye,Canary,942,857
49,Terneuzen,Saint Paul,970,790
50,Jiaoshanhe,Granby,705,965
51,Tāfuna,Arizona,40,917
52,Panalo-on,Chinook,377,248
53,Bojonghaur,Melvin,214,666
54,Bantarjati,Jenna,727,60
55,Guangdu,Glacier Hill,98,180
56,Kokstad,Blaine,791,121
57,Zbrosławice,Holmberg,741,553
58,Shuangyuan,Cottonwood,838,389
59,Sinisian,Cardinal,820,621
60,Villa Santa Rosa,Buell,897,260
61,Alvito,Lillian,549,376
62,Jingouhe,Hanson,534,826
63,Erdao,Columbus,971,323
64,Qujiang,Mandrake,366,623
65,Artimet,Hansons,317,202
66,Karabash,Arizona,443,220
67,Vineuil,Sundown,876,931
68,Belčišta,Bultman,117,515
69,Beloostrov,Cambridge,241,936
70,Hanzhong,Redwing,906,736
71,Jepara,Old Shore,727,584
72,Polanka Wielka,Hanson,608,77
73,Kota Bharu,Debra,997,857
74,Duncan,Oxford,576,142
75,Lam Sonthi,Shelley,990,253
76,Sinarharapan,Acker,245,704
77,Tirah,Grasskamp,830,404
78,Araripina,Reindahl,654,360
79,Gunajaya,Basil,726,51
80,Sarangmeduro,Dexter,76,161
81,Oslo,Loomis,847,833
82,Gucheng,Ilene,316,207
83,T’ianet’i,Pond,9,120
84,Gingsir,Oneill,191,365
85,Kouqian,Prairie Rose,514,534
86,Lewo,Valley Edge,456,715
87,Lincheng,Crowley,431,658
88,Banjar Penyalin,Green,3,800
89,Budapest,Rieder,390,563
90,Marseille,Pankratz,313,145
91,Tanggeung Kolot,Glacier Hill,744,989
92,Gazli,Almo,440,155
93,Carania,Sugar,720,305
94,Rudong,Granby,483,257
95,Lefkímmi,Moland,273,836
96,Teresópolis,Oak,807,391
97,Kumanovo,Stephen,877,401
98,Sarāb,Steensland,759,22
99,Rymättylä,Nobel,368,117
100,Paris La Défense,Old Shore,686,897
101,Kalix,Dwight,872,958
102,Risaralda,Moland,784,223
103,Petaling Jaya,Lakeland,503,846
104,Sharga,5th,223,125
105,Wiskitki,Anhalt,681,374
106,Na Khu,Dahle,542,522
107,Mori,Loftsgordon,223,74
108,Timbulsari,Steensland,292,973
109,Charenton-le-Pont,South,706,891
110,Meijiang,Sloan,652,596
111,Sūq ar Rabū‘,Quincy,644,413
112,Västerås,Farragut,869,518
113,Stung Treng,Sundown,835,591
114,Huaniao,Pearson,485,654
115,Stizhkivs’ke,Arizona,11,836
116,Lleida,Atwood,575,139
117,Dukuhtengah,Ryan,800,678
118,Santander,Hoffman,726,415
119,Xinzhou,Lien,350,618
120,Tianning,Spohn,428,448
121,Tsaghkahovit,Spaight,121,869
122,Chợ Mới,Portage,982,377
123,São Joaquim,Sugar,172,234
124,La Jicaral,Coleman,330,805
125,Reims,Riverside,83,472
126,Jinshanzui,Meadow Ridge,295,216
127,Miasteczko Śląskie,Del Sol,156,57
128,Orikum,Loftsgordon,634,194
129,Kolmården,Shopko,678,624
130,Al Başrah,Carberry,214,539
131,Beilun,Brentwood,132,957
132,Suqin Huimin,Lerdahl,159,153
133,Ystad,Talisman,474,285
134,Niaojin,Transport,199,40
135,Yangon,Buell,426,525
136,Aubervilliers,Dixon,327,293
137,Mê Linh,Coleman,400,336
138,Calaoagan,David,135,514
139,Elimäki,Washington,185,882
140,Cambanugoy,Mariners Cove,193,986
141,Klakeh,Susan,426,936
142,La Ceja,Gerald,238,940
143,Eskilstuna,Everett,898,711
144,Kavalerovo,Hintze,338,107
145,Gandra,Gina,413,28
146,Coromoro,Milwaukee,563,426
147,Sirghāyā,Heath,319,568
148,Fujioka,Grim,698,868
149,Nieying,Glacier Hill,109,410
150,Melun,Holy Cross,82,537
151,Pajagan,4th,371,649
152,Pingyang,Mitchell,852,626
153,Maradabangga,Beilfuss,392,138
154,Havířov,Fair Oaks,694,359
155,Oujda,Kings,77,24
156,Ulset,Warbler,198,826
157,Yurino,Lakeland,888,603
158,Bacacay,Memorial,844,625
159,Binalonan,Iowa,621,486
160,Caluquembe,Mockingbird,521,708
161,Larnaca,Ridge Oak,256,964
162,Mariara,Hermina,94,556
163,Rakvere,Vera,413,588
164,Beo,Hagan,482,601
165,Padilla,Luster,432,777
166,Linköping,Hooker,580,846
167,Rezé,Blackbird,513,647
168,Monte Novo,Badeau,576,203
169,Rio Claro,Dexter,768,598
170,Lancaster,Armistice,957,871
171,Nizhniy Novgorod,Bartillon,239,667
172,Yablonovskiy,Stuart,289,773
173,Banovo Polje,Burning Wood,667,248
174,Croix,Lotheville,253,198
175,Póvoa de Santo António,Hovde,57,356
176,Anka,Jenifer,430,755
177,Pasadena,Straubel,304,452
178,Eisen,Oxford,543,517
179,Bocaiúva,Pankratz,766,114
180,Jinqu,Scofield,431,267
181,Amagi,Hintze,671,450
182,Tsivil’sk,Graceland,222,782
183,Jomsom,Meadow Ridge,956,78
184,Bilao,Red Cloud,819,569
185,Shouchang,Caliangt,808,807
186,Eirado,Cottonwood,573,301
187,Argalastí,Merry,280,568
188,Bagiktinggang,Fisk,84,451
189,Cigembong,Duke,358,813
190,Haradok,Raven,361,465
191,Caçador,Jackson,213,381
192,Tomislavgrad,Dottie,198,406
193,Simao,Esch,37,86
194,Paico,Tony,919,749
195,Marcala,Dunning,942,246
196,Vřesina,Garrison,154,295
197,Modderfontein,Shelley,730,314
198,Kosti,Superior,127,676
199,Gudang,Loomis,730,474
200,Matadi,Stoughton,63,35
201,Bucu Lor,Hazelcrest,427,722
202,Argir,Maryland,771,99
203,Uglovoye,Center,992,260
204,Laxey,Sauthoff,595,45
205,Armenia,Leroy,239,276
206,Blizne,Del Mar,28,308
207,Michałowice,Nobel,869,527
208,Badong,Comanche,557,91
209,Luyang,Elgar,84,521
210,Seredka,Dwight,569,544
211,Sambonggede,Mockingbird,215,277
212,San Marcos,Graceland,401,273
213,Seixas do Douro,Schiller,118,740
214,Yangjiao,Bowman,118,496
215,Telagaselaba,Browning,346,928
216,Yong’an,Longview,549,167
217,Bang Pahan,Beilfuss,177,756
218,Caspisapa,Schiller,94,325
219,Betim,Prairieview,984,929
220,Luodong,Doe Crossing,297,422
221,Vardablur,Johnson,68,294
222,Dongtai,Ridge Oak,724,752
223,North Saanich,Maple Wood,31,222
224,Cisiec,Barnett,274,311
225,Rayevskiy,Tomscot,131,121
226,Sijunjung,Cambridge,160,423
227,Stockholm,Roth,345,238
228,Hazlov,Debs,987,670
229,Kansas City,Garrison,352,123
230,Sanjiang,Autumn Leaf,700,839
231,Agua Buena,Nobel,944,623
232,Lovisa,Moland,336,365
233,Nadi,Summer Ridge,802,418
234,Turgenevo,Mayfield,662,742
235,Rawa,Myrtle,497,330
236,Santiago Atitlán,Lawn,566,176
237,Nifuboko,Buhler,504,307
238,Parychy,Bobwhite,24,98
239,Constance,Tennyson,858,756
240,Seynod,Delaware,2,379
241,Inderka,Elmside,208,664
242,Liufang,Hayes,51,596
243,Shufeng,Grasskamp,220,134
244,Kericho,Corben,184,34
245,Yuanmou,Morrow,192,195
246,Banatsko Veliko Selo,Elgar,742,69
247,Czarna Dąbrówka,Prairieview,482,163
248,Urung,Starling,885,173
249,Xiaxi,Kenwood,510,638
250,Phôngsali,Evergreen,452,922
251,San Narciso,Alpine,458,364
252,Piskivka,Fordem,632,265
253,Bayasgalant,Thackeray,459,83
254,Prawdzinski,Kipling,735,18
255,Lengji,Hallows,819,561
256,Acli,Ohio,535,516
257,Jifnā,Brickson Park,307,426
258,Datarnangka,Sunfield,670,902
259,Paris 08,Meadow Vale,155,932
260,Pingshan,Roth,567,123
261,Santo Niño,Walton,830,360
262,Kambia,6th,560,851
263,Ebu,Farmco,771,312
264,Mambalan,Rusk,152,331
265,Ngampon,Butterfield,235,573
266,Jirjā,Anderson,293,144
267,Água de Pau,Larry,237,844
268,Wuli,Cherokee,189,313
269,Dole,Elgar,366,785
270,Värnamo,Riverside,180,839
271,Brusyanka,Fordem,669,484
272,Fort Liberté,Paget,921,207
273,Banjarjo,Havey,39,372
274,Bojong,Melody,647,457
275,Arvika,Hallows,851,233
276,Lobatse,Lerdahl,949,129
277,Santo Domingo Oeste,Mccormick,622,198
278,Ḩarf al Musaytirah,Randy,491,970
279,Tapakrejo,Sunnyside,195,424
280,Victoria,Eggendart,406,373
281,Orikhiv,Arkansas,11,691
282,Aix-en-Provence,Melody,813,631
283,Jiabei,Declaration,551,988
284,San Ricardo,Chive,261,956
285,Helsingborg,Autumn Leaf,985,846
286,Siqian,Oxford,611,345
287,Knoxville,Kropf,670,934
288,Simbal,Northridge,406,342
289,Jönköping,Parkside,240,68
290,Roskoshnyy,Rusk,120,483
291,Ludgeřovice,Ramsey,754,841
292,Tours,Jenifer,948,741
293,Hukeng,Ryan,995,750
294,Youssoufia,Esch,570,631
295,Jiaodai,Anzinger,564,671
296,Banff,Gale,606,422
297,Nizhniy Tagil,Forster,738,532
298,Afonsoeiro,Susan,681,930
299,Mangaran,Glacier Hill,430,310
300,Rogóźno,Memorial,988,542
301,Dasha,Hudson,683,632
302,Cikeusal,Carioca,95,917
303,Al Ghāriyah,Waubesa,624,271
304,Ferkessédougou,Hollow Ridge,462,932
305,Miaogou,3rd,905,687
306,Haczów,Village Green,781,821
307,Penhold,Roxbury,181,175
308,Blinsung,Thompson,366,956
309,Bologna,Springview,205,426
310,Morinville,Michigan,8,624
311,Dongfeng,Hollow Ridge,795,788
312,Billère,Blackbird,813,749
313,Fovissste,Blue Bill Park,416,271
314,Butterworth,Melrose,877,208
315,Yihe,Nevada,13,191
316,Kosmach,Coleman,718,924
317,Benito Juarez,Butterfield,210,229
318,Kole,Manley,315,764
319,Devnya,Cordelia,134,226
320,Manikchari,Ramsey,238,139
321,San Vicente de Bique,Oak,339,335
322,Tajumulco,Badeau,244,333
323,Chavdar,Mayer,381,679
324,Grenoble,Rigney,307,929
325,Örebro,Holy Cross,361,442
326,Obeliai,Judy,155,889
327,Shah Alam,Duke,421,178
328,Yanmen,Katie,491,221
329,Pecatu,Swallow,529,451
330,Sungaibengkal,Haas,967,283
331,Blatná,Green Ridge,839,237
332,Metković,Maple,678,336
333,Dindima,Karstens,706,397
334,Leonídio,Nobel,857,274
335,Miura,Elgar,51,30
336,Japerejo,Hermina,339,628
337,Dolní Sloupnice,Claremont,556,745
338,Sandakan,Mariners Cove,432,638
339,Moorreesburg,Sundown,197,646
340,Picassinos,Commercial,695,67
341,Willemstad,Pine View,839,879
342,Ciudad Bolivia,Merrick,20,220
343,Piraju,Walton,42,529
344,Tisco,Mariners Cove,739,533
345,Dagu,Maywood,618,5
346,Phetchabun,7th,782,940
347,Dajanrurung,Loeprich,515,623
348,Tandil,Beilfuss,36,690
349,Paraíso,Derek,211,905
350,Sanguansi,Saint Paul,908,81
351,Shatou,Village Green,820,596
352,Alqueva,Sullivan,928,298
353,Manganitu,Tony,159,513
354,Sidzina,Grim,812,154
355,Tandaltī,Kedzie,736,457
356,Chenārān,Ohio,997,936
357,Rokiciny,Bonner,671,508
358,Bridgewater,Sullivan,612,342
359,Presa,Mcguire,768,615
360,Changping,Armistice,534,317
361,San Alberto,Straubel,963,574
362,Lao Suea Kok,Hazelcrest,20,477
363,Pakemitan Dua,Burning Wood,383,864
364,Nagaracinta,Arkansas,135,717
365,Cradock,Anderson,820,513
366,Tomaszów Lubelski,Armistice,260,218
367,Vale da Pedra,Birchwood,691,120
368,Xinshao,Brickson Park,189,802
369,Namangan Shahri,Summer Ridge,766,544
370,Bruzual,Chive,182,554
371,Is,Packers,682,879
372,Hargeysa,Mayfield,24,951
373,Nombre de Jesús,Rusk,954,90
374,Meadow Lake,Everett,242,252
375,Niort,Nobel,812,74
376,Tarqūmyā,Warbler,638,654
377,Marks,Kings,858,784
378,Pancheng,Eagle Crest,439,625
379,Kpalimé,Center,759,265
380,Saint-Amand-les-Eaux,Claremont,23,555
381,Крива Паланка,1st,64,672
382,Salt Lake City,Beilfuss,982,667
383,Nartkala,Katie,648,918
384,Bolhos,Prairieview,336,571
385,Bangad,3rd,678,771
386,Miao’ertan,Mcguire,772,538
387,Lafiagi,Porter,482,944
388,Ōzu,Northfield,703,78
389,Drogomyśl,Dottie,384,907
390,Svojat,Magdeline,18,601
391,Rumāh,Dunning,282,1000
392,Prusice,Reindahl,102,329
393,Lainqu,Morrow,42,847
394,Abbeville,Blaine,719,587
395,Horad Rechytsa,Algoma,506,926
396,Taitung City,Di Loreto,389,721
397,Shuishaping,Magdeline,252,982
398,Samboan,Eastlawn,703,463
399,Silva Jardim,Superior,101,787
400,Periyiáli,High Crossing,280,267
401,Lazaro Cardenas,Saint Paul,606,950
402,Sydney,Golf,157,177
403,Ōnojō,Shasta,715,181
404,Duwakkandung,Butternut,21,545
405,Ménaka,Dorton,973,498
406,Solor,Crowley,125,574
407,Kalipucang,Crest Line,618,164
408,Dollard-Des Ormeaux,Main,762,31
409,San Vicente Centenario,Declaration,286,39
410,Dordrecht,Hooker,432,646
411,Sadar,Rowland,524,9
412,Kibiti,Pawling,501,550
413,Unión de Reyes,Lukken,675,826
414,Saint-Flour,Linden,161,468
415,Al Ghāriyah,Sundown,759,28
416,Doibang,Carioca,147,799
417,Jinping,Clove,465,716
418,Quintão,Eastlawn,89,155
419,San Luis,Arkansas,908,691
420,Lashkar Gāh,Thackeray,57,821
421,Nanlin,Mayfield,328,415
422,Dolulolong,Judy,174,879
423,Pagelaran,Old Gate,270,648
424,Charneca da Cotovia,Susan,72,854
425,Kotauneng,Village Green,698,999
426,Kouloúra,Susan,294,508
427,Phuthaditjhaba,Nancy,283,230
428,Jia’an,Ronald Regan,712,269
429,Mesa,Lakeland,239,471
430,El Bolsón,Menomonie,892,145
431,Santa Cruz,Badeau,845,288
432,Muonio,Northfield,673,102
433,Guinoaliuan,Crownhardt,551,832
434,Luotuo,Blackbird,694,107
435,Santa Tecla,Meadow Ridge,414,521
436,Klishkivtsi,Dapin,777,507
437,Leomil,Arkansas,532,845
438,Kentau,Dwight,241,708
439,Dongla,Boyd,905,930
440,Hengshui,Lunder,242,947
441,Dubá,Eagle Crest,929,749
442,Dongzha,Farmco,907,224
443,Luleå,Village Green,171,701
444,Fajões,Lunder,840,330
445,Wutongkou,Dapin,769,416
446,Laya,Eastlawn,432,746
447,San Antonio de Los Altos,Nevada,935,368
448,Voi,Grayhawk,136,150
449,Angers,Westend,949,149
450,Hengxianhe,Express,684,817
451,Budapest,Dovetail,707,423
452,Gitega,Sunbrook,676,785
453,Nueva Loja,Welch,644,926
454,Jiangkou,Gulseth,965,494
455,Lukićevo,Golden Leaf,518,47
456,Xianghe,Stone Corner,199,853
457,Maddela,Talmadge,741,998
458,Veshnyaki,Independence,620,26
459,Columbus,Amoth,352,838
460,Dipayal,Westridge,782,875
461,Jiulongshan,Reinke,223,237
462,Oslo,Colorado,824,521
463,Zango,Memorial,145,927
464,Saharna,Fisk,914,833
465,Wosai,High Crossing,783,330
466,Keda,Ronald Regan,315,776
467,Bapska,Dorton,69,182
468,Jacksonville,Gateway,266,187
469,Sangzhen,Corscot,260,856
470,Libacao,Atwood,511,448
471,Guaramirim,Monument,715,488
472,Jucás,Kropf,79,905
473,Zlatni Pyasatsi,Vahlen,762,339
474,Dongke,Prentice,822,785
475,Las Vegas,Logan,36,588
476,Jatimulyo,Summit,441,284
477,Xiyang,Northfield,918,335
478,Wongsorejo,Arkansas,449,939
479,Dhī as Sufāl,Oak,950,144
480,Monkayo,Continental,104,342
481,Chumphon,Sachs,590,187
482,Sing Buri,Lotheville,919,740
483,Kuznechnoye,Mifflin,69,994
484,Stockholm,Forster,3,983
485,Maracay,Golden Leaf,509,602
486,Buzdyak,Longview,873,799
487,Summerland,Scott,539,586
488,Tarata,Jenna,946,138
489,Mataloko,Vernon,250,449
490,Bayt ‘Ūr at Taḩtā,Badeau,824,429
491,Örebro,Pine View,181,378
492,Desa Borogojol,Summit,766,348
493,Bršadin,Blackbird,194,995
494,Quma,Graceland,699,387
495,Wubao,La Follette,155,567
496,Lutowiska,Merchant,599,753
497,Hoxtolgay,Melby,742,195
498,Belém,Merchant,372,530
499,Johanneshov,Atwood,640,689
500,Chengguan,Linden,353,340
501,Lebak,Dunning,5,75
502,Qiandian,Dovetail,345,653
503,Dallas,Scofield,39,788
504,Dar es Salaam,Jenifer,520,118
505,Ô Môn,Bayside,729,879
506,Bassar,Troy,182,360
507,Ciechanowiec,Rieder,65,149
508,Guanbuqiao,Westerfield,472,23
509,Zhenzhushan,High Crossing,310,957
510,Ogod,Division,478,713
511,Alfonso,Shopko,217,900
512,Maurisu,Summer Ridge,746,531
513,Santo Tomas,Mandrake,345,529
514,Lomboy,Upham,503,330
515,Ikryanoye,Bayside,941,214
516,Ashton,Lunder,167,692
517,Vybor,Muir,586,782
518,Dunaújváros,Crescent Oaks,954,394
519,Yafran,Kenwood,354,117
520,Wenping,Stuart,966,552
521,San Andres,Fulton,949,338
522,Baranowo,Jenna,291,670
523,Maple Plain,Green,798,184
524,Xinquan,Talisman,118,281
525,Venëv,Aberg,314,698
526,Las Lomas,Butternut,539,937
527,Gechuan,Hovde,750,660
528,Kalmar,Golf Course,5,259
529,Birigui,Ohio,399,940
530,Palecenan,Caliangt,993,331
531,Căuşeni,Haas,977,879
532,Cusapín,Kensington,73,261
533,Nizhneivkino,Clemons,367,971
534,Gangsha,Oxford,730,319
535,Cheqiao,Mandrake,499,309
536,Wangshi,Algoma,923,657
537,Mora,8th,223,322
538,Karlstad,Roxbury,499,615
539,Qianjiang,Scoville,650,111
540,Bao’an,Farragut,267,75
541,Helmas,Raven,367,370
542,Bernardo Larroudé,Almo,197,96
543,Marilao,Pierstorff,590,336
544,Ḩabīl ar Raydah,Village Green,947,410
545,Gesik,Memorial,720,150
546,Sirre,Mccormick,897,915
547,Dashiqiao,Namekagon,909,459
548,Kota Kinabalu,Farwell,823,433
549,Wiang Nuea,Trailsway,126,647
550,Kalapanunggal,Randy,428,489
551,Limatambo,Tennyson,784,484
552,Novodvinsk,Briar Crest,698,773
553,Düsseldorf,Farmco,687,661
554,Katav-Ivanovsk,Carpenter,715,305
555,Duobao,Namekagon,663,802
556,Kunvald,Pawling,805,860
557,Youzai,Sunfield,244,818
558,Aurora,Lyons,236,887
559,Barotac Viejo,Crowley,576,243
560,Castêlo,Caliangt,33,481
561,Newton,Florence,417,339
562,Calimita,Corry,203,686
563,San Marcos de Colón,Ohio,680,227
564,Mislak,Heath,669,590
565,Shidong,Morning,261,836
566,Vierzon,Mandrake,71,787
567,Kireyevsk,Moose,867,972
568,Gasri,Milwaukee,397,83
569,Široki Brijeg,Rusk,270,64
570,Huizhou,Vernon,717,176
571,Göteborg,Leroy,994,144
572,Jangdam,Caliangt,292,312
573,Guansheng,Fairfield,873,845
574,Ózd,Trailsway,840,274
575,Flórina,Vera,415,436
576,Amerta,Mosinee,237,231
577,Kafr Zaytā,Manufacturers,969,245
578,Wujia,Scott,927,868
579,Cerca la Source,Gale,695,402
580,Konispol,Village,326,11
581,Coelho Neto,Dahle,630,415
582,Ngajum,Jenna,768,290
583,Paris La Défense,Mendota,490,546
584,Velykyi Bereznyi,Reinke,624,775
585,Zhentou,Farragut,482,997
586,Ljubešćica,Mcbride,411,688
587,Leticia,Hovde,53,557
588,Diapaga,Nobel,810,493
589,Guicheng,Veith,925,537
590,Buenaventura,Raven,676,496
591,Lazaro Cardenas,Bluestem,521,893
592,Belovodskoye,Erie,180,358
593,Baishigou,Holmberg,277,197
594,Periyiáli,Truax,516,285
595,Suan Luang,Hermina,29,363
596,Novosel’ye,Menomonie,135,507
597,Xinshui,Blue Bill Park,643,720
598,Chrast,Victoria,374,78
599,Sanchang,Ridgeview,531,864
600,Magburaka,Susan,607,896
601,Gračec,Atwood,405,764
602,Owerri,Superior,341,681
603,Latacunga,Nelson,791,327
604,Zamoskvorech’ye,Dawn,798,601
605,Duzhou,Declaration,576,911
606,Fenghuanglu,Porter,920,837
607,Hamilton,Linden,490,16
608,Trà Ôn,Walton,656,897
609,Umeå,Waubesa,218,275
610,Dhidhdhoo,Paget,645,248
611,Ratilangi,Montana,662,937
612,Shahr-e Bābak,Doe Crossing,601,630
613,Xin’an,Westend,594,649
614,Ntoroko,Cody,426,611
615,Hairag,Oneill,20,584
616,Jiangkouxu,Memorial,645,138
617,Kramators’k,1st,733,562
618,Bududa,Pepper Wood,382,113
619,Mtimbira,Melody,72,228
620,Miguel Aleman,Mariners Cove,40,634
621,Ipubi,Delaware,71,752
622,El Cuy,Caliangt,209,130
623,Belas,Scofield,758,164
624,Mboursou Léré,Washington,214,547
625,Uppsala,Rigney,49,722
626,Junyang,Sherman,787,194
627,Marcabal,Pawling,305,132
628,Vereshchagino,Lien,826,925
629,Batken,Shelley,629,384
630,Klampis,Weeping Birch,814,599
631,Dongshi,Brentwood,838,161
632,Palmira,Manufacturers,623,315
633,Pan de Azúcar,Emmet,74,964
634,Barrancabermeja,Paget,844,938
635,Staraya Mayna,Hallows,314,10
636,Gorgān,Crescent Oaks,924,896
637,Zhongtang,Lakeland,883,740
638,Berber,Columbus,381,576
639,Jingtailu,Comanche,632,291
640,Banana Village,Heffernan,34,959
641,San Miguel,Lien,890,134
642,Bauchi,Goodland,386,78
643,Chlewiska,Maryland,203,311
644,Somita,Homewood,271,919
645,Minnedosa,Kim,262,795
646,Dayangqi,Melby,566,334
647,Baiguan,Burning Wood,291,462
648,Pesek,Thackeray,583,788
649,Viljoenskroon,Texas,294,573
650,Ciepielów,Hollow Ridge,75,436
651,Changgai,Sloan,293,618
652,Turgun,Kingsford,833,795
653,Kalmar,Northview,43,370
654,Shāzand,Annamark,974,777
655,Cagmanaba,Autumn Leaf,484,974
656,Merrifield,Artisan,939,604
657,Bayawan,Gina,996,9
658,Arnaía,Portage,610,62
659,Talangbetutu,Pierstorff,863,421
660,Linpu,Anzinger,154,936
661,Bzenec,Towne,799,204
662,El Agua Dulcita,Pepper Wood,71,670
663,El Peñón,Veith,377,231
664,Montenegro,Heath,724,937
665,Yutan,Monterey,176,155
666,Tumbagaan,Stone Corner,707,803
667,Datun,Mesta,360,468
668,Banjar Sengguan,Reindahl,584,819
669,Quilmes,Monica,83,525
670,Shagonar,Fallview,8,595
671,Tocota,Waywood,41,647
672,Nemyriv,Goodland,525,297
673,Fuhe,Annamark,551,561
674,Nador,Stone Corner,323,951
675,Zuhu,John Wall,328,400
676,Saint Paul,Utah,140,738
677,Cadiz,Towne,761,31
678,Atabayan,Columbus,376,292
679,Chengdong,8th,414,675
680,Yaruchel,Independence,658,384
681,Planaltina,Granby,54,555
682,Anjozorobe,Park Meadow,458,509
683,Liangyaping,La Follette,944,866
684,Punta Cana,Delladonna,428,887
685,Pueblo Nuevo Viñas,Vidon,124,626
686,Mojo,Darwin,955,842
687,Karantaba,Summerview,410,59
688,Woodstock,Manitowish,280,897
689,Plagiári,Warrior,568,38
690,Osiek,Chinook,164,643
691,Hema,Almo,478,303
692,San Agustín,Center,20,192
693,Kardzhin,Debs,516,966
694,Suwaru,Miller,404,244
695,Buracan,Barnett,220,520
696,Lleida,David,819,735
697,Kantharalak,Hintze,358,998
698,Bundibugyo,Canary,330,329
699,Chapayeve,Grayhawk,26,963
700,Araçatuba,Elgar,873,215
701,Pilar,Sauthoff,680,392
702,Pervomayskoye,Paget,820,499
703,Pudoc North,Spenser,765,601
704,Khairiahmandah,School,480,792
705,Sūq ar Rabū‘,Hudson,879,458
706,Chuhuyiv,Sommers,805,78
707,Delingha,Amoth,167,50
708,Yufa,Mccormick,364,154
709,Morden,Northport,732,820
710,Jingang,Del Mar,929,263
711,Karara,6th,409,866
712,Cincinnati,Del Sol,997,230
713,Luna,Everett,902,555
714,Nałęczów,Vahlen,322,854
715,Ipiales,Goodland,266,843
716,Gyōda,Bluejay,146,135
717,Huadi,Commercial,112,427
718,Ljungskile,Larry,700,200
719,Křižanov,Porter,191,360
720,Candi Prambanan,Forest Run,453,843
721,Mafang,Ilene,464,744
722,Stara Pazova,Blaine,962,671
723,Xihuaiba,Ryan,926,30
724,Kovylkino,Dahle,785,333
725,Saint George's,Sheridan,915,749
726,Xiexiong,Vernon,812,528
727,Machagai,Starling,512,616
728,Limoges,Mosinee,792,325
729,Fartura,Esch,516,735
730,Kuningan,Toban,634,567
731,Ljutomer,Lotheville,382,535
732,Nahāvand,Anthes,38,122
733,Prienai,Arizona,399,150
734,Kauhan,Sunfield,616,963
735,Yaroslavskaya,Petterle,276,21
736,Selkirk,Stephen,394,204
737,Qiwen,Anniversary,836,960
738,Kanginan,Bartelt,607,548
739,Bāglung,Sommers,26,304
740,Tvrdonice,Eagan,539,319
741,Bollnäs,Welch,651,287
742,Mangulewa,Carpenter,738,559
743,Tosontsengel,Spenser,418,615
744,Piteå,Namekagon,466,307
745,Ivanovskoye,Columbus,496,689
746,Watergrasshill,Beilfuss,186,424
747,Nangaroro,Spenser,785,644
748,Oebaki,Fuller,774,8
749,Verbivka,Russell,130,329
750,Pristen’,Kenwood,389,299
751,Shuangyuan,Doe Crossing,30,591
752,Butahai,Bluejay,129,322
753,Międzyrzecz,Bartillon,732,868
754,La Courneuve,International,160,244
755,Ḩawallī,Garrison,727,461
756,Las Ánimas,Carioca,709,517
757,Jiazi,Moose,548,78
758,Dalian,Park Meadow,769,237
759,Jiazhuang,Pawling,837,483
760,Lourdes,Lillian,154,245
761,Dikirnis,Mccormick,943,614
762,Būsh,Mcbride,931,225
763,Ajaccio,Arizona,196,42
764,Barengkok,Buena Vista,106,669
765,Sukawening,Melvin,16,397
766,Nishor,Northfield,844,911
767,Borbon,Kennedy,243,391
768,La Loma,Quincy,56,214
769,Acarigua,Johnson,548,70
770,Ufa,Dovetail,985,228
771,Traganón,Manufacturers,848,38
772,Plátanos,Park Meadow,652,581
773,Đoan Hùng,Forster,336,324
774,Mooirivier,Homewood,695,299
775,Huskvarna,Banding,199,655
776,Dayushu,Tony,627,180
777,Douane,Shasta,948,513
778,Norrtälje,Waxwing,542,230
779,Hejia,Summerview,128,214
780,Nova Pazova,Pennsylvania,230,926
781,Campo Largo,Rockefeller,280,109
782,Tingloy,Judy,43,60
783,Sempol,Michigan,836,829
784,General Arenales,La Follette,179,619
785,Tarusan,Sherman,35,21
786,Vestmanna,Stone Corner,213,685
787,Binubusan,Veith,336,848
788,Tefé,Commercial,133,650
789,Bulbul,Barnett,951,984
790,Pátmos,Kings,270,70
791,Jasper Park Lodge,Algoma,37,154
792,Dolní Dvořiště,Glendale,381,944
793,Dashahe,Blackbird,682,973
794,Kieta,Dexter,522,459
795,Iturama,Knutson,80,631
796,Kompaniyivka,Barby,817,655
797,New Brunswick,Schiller,578,280
798,Nguékhokh,Luster,315,863
799,Oenpeotnai,Meadow Vale,562,975
800,Ridder,Donald,448,70
801,Qinghaihu,Summit,490,981
802,Duko,Westport,267,591
803,Hachiōji,Meadow Vale,914,960
804,Valašská Bystřice,Corry,935,843
805,Salyan,Farragut,413,719
806,‘Anātā,Park Meadow,601,202
807,Sanguinheira,Alpine,177,745
808,Huaguoshan,Commercial,227,81
809,Urho,Old Shore,125,864
810,Ponta Porã,Briar Crest,779,719
811,Novorossiysk,Summerview,608,128
812,Bradford,Brickson Park,937,245
813,Matanza,Mosinee,991,436
814,Tarbes,Pleasure,960,29
815,Gotovlje,Canary,557,117
816,Nizhniy Dzhengutay,Atwood,793,585
817,Kaeng Khro,Loftsgordon,86,126
818,Entradas,Walton,953,947
819,Wuma,Sutteridge,553,861
820,Narvacan,Mitchell,698,88
821,Hostavice,Park Meadow,35,745
822,Bābolsar,Hovde,145,121
823,Al Nashmah,Memorial,665,44
824,Jazovo,Oneill,391,71
825,Mulyosari,Menomonie,718,261
826,Meiyuan,Basil,346,141
827,Mikulášovice,Mcguire,512,666
828,Cayna,Graceland,699,497
829,Ambatolampy,Washington,365,662
830,Liulin,Chive,200,810
831,Alhos Vedros,Cascade,871,171
832,Otok,Lien,698,938
833,San Andres,Thompson,565,174
834,Wilczyce,Tony,88,317
835,Sudoměřice,Glacier Hill,62,333
836,Amnat Charoen,Dayton,704,887
837,Kebonagung,Nelson,463,255
838,Woloara,Kropf,669,236
839,Halmstad,Merchant,986,147
840,Dao’er,Morrow,720,671
841,Chervonohryhorivka,Summerview,844,839
842,Portela,Lakewood Gardens,153,32
843,Paris 19,Roxbury,434,222
844,Simunul,Glacier Hill,873,85
845,Ikar,Artisan,365,671
846,Manuel Antonio Mesones Muro,Prairie Rose,347,703
847,Tandou,Bluestem,668,439
848,Vogar,Roxbury,429,843
849,Vannes,Spohn,503,806
850,Wichita,Doe Crossing,834,258
851,Kamaishi,Ridge Oak,833,1
852,Arcos,Dwight,210,897
853,Lakhdenpokh’ya,Sommers,737,79
854,Klos,Esch,838,882
855,Miramar,Bultman,800,407
856,Guimarães,Northland,189,923
857,Xiongshan,Springs,205,922
858,Dolní Sloupnice,Debs,623,278
859,Domartang,Holy Cross,668,600
860,Qingduizi,Oxford,54,262
861,Daqingshan,Northview,901,556
862,Sindangkerta,Towne,4,892
863,Alfonso,Clemons,995,883
864,Galán,Birchwood,304,922
865,Wako,Milwaukee,199,526
866,Molina,Bultman,168,106
867,Loreto,Melvin,427,71
868,Karnice,Carey,650,34
869,Wangon,Oriole,715,913
870,Lwengo,Anderson,149,374
871,Marseille,Judy,269,635
872,Trenton,Kings,559,660
873,Åmål,Vera,900,722
874,Same,Steensland,180,896
875,Ibotirama,Hanson,702,391
876,Stony Hill,Towne,482,275
877,Mabusag,Tennyson,237,336
878,Banos,Eastlawn,343,425
879,Bengubelan,Grim,145,559
880,Fuxing,Charing Cross,845,392
881,Klembivka,Russell,848,753
882,Horní Cerekev,Weeping Birch,980,315
883,Grzęska,School,181,201
884,Puunage,Kingsford,55,759
885,Yuanhou,Ridgeway,857,881
886,Valence,Superior,177,673
887,Golmud,Loeprich,478,346
888,Lages,Heath,643,691
889,Hetou,Sommers,7,315
890,Casigua El Cubo,Forster,893,537
891,Fuwayriţ,International,370,750
892,Longquan,Anniversary,808,228
893,Marsa Alam,Pierstorff,643,279
894,Shilong,Montana,771,476
895,Kubangkondang,Sachtjen,603,801
896,Lumbang,John Wall,139,820
897,Kentau,New Castle,589,510
898,Nybro,La Follette,50,322
899,Kurunegala,Eastwood,463,724
900,Banjar Sandinggianyar,Gerald,51,196
901,Flandes,Artisan,951,490
902,Binangun,Loftsgordon,906,6
903,Norrköping,Bayside,740,853
904,Bilicenii Vechi,Shasta,330,253
905,Dalong,Crescent Oaks,826,527
906,Himensulan,Gulseth,848,114
907,Umbulan,Annamark,58,2
908,Ayia Napa,Carpenter,544,538
909,Washington,Moulton,29,738
910,Plátanos,Fordem,907,118
911,Prinza,Dixon,680,714
912,Doksy,Sachtjen,421,380
913,Sumiainen,Burning Wood,19,491
914,Krasnotorka,Annamark,513,911
915,Nacka,Anthes,953,930
916,Škofljica,Laurel,306,517
917,Samālūţ,Esch,976,683
918,Charlton,Anniversary,713,177
919,Liangbing,Moland,415,183
920,La Cruz de Taratara,Burning Wood,407,22
921,San Rafael,Sutteridge,87,889
922,Ginowan,Golf Course,625,883
923,Mozhong,Cambridge,239,797
924,Brampton,Blackbird,628,235
925,Cheqiao,Novick,637,179
926,Bode Sadu,Fulton,373,770
927,Pandan,Mesta,98,160
928,Sungaibengkal,Dapin,729,204
929,Oslo,Glendale,935,586
930,Chuangye,Gina,268,460
931,Montenegro,Ruskin,302,456
932,Nakatsugawa,Fair Oaks,451,624
933,Jardín América,Harbort,570,392
934,Zhusha,Surrey,764,103
935,Diffa,Welch,540,194
936,Jomboy,Straubel,361,49
937,Cabinteely,Grayhawk,592,427
938,Koper,Everett,507,831
939,Qiqin,Charing Cross,972,42
940,Tulung,Vidon,144,998
941,Jerada,Steensland,659,283
942,Xushuguan,Maryland,949,52
943,Novomykolayivka,Sheridan,940,866
944,Oetuke,Fuller,765,596
945,Banjarkemuning,Scofield,707,976
946,Huicheng,Grim,352,670
947,Dafundo,Manley,131,267
948,Escola,Claremont,382,881
949,Forquilhinha,Aberg,228,631
950,Berbera,Schiller,858,251
951,Qingyuan,Oriole,967,214
952,Stanowice,Eastwood,573,284
953,Imbituva,Continental,776,29
954,Gaotian,Shoshone,22,421
955,Rego,Menomonie,425,43
956,Kauit,Rigney,355,88
957,Amieirinha,Barby,343,480
958,Oratorio,Anniversary,120,881
959,Gunan,Texas,753,197
960,Thành phố Bạc Liêu,Kinsman,244,528
961,Svitlovods’k,Express,556,183
962,Chusovoy,Rigney,17,845
963,Keyi,Sutherland,962,197
964,Ciparasi,Northridge,307,159
965,Maulawin,Starling,561,697
966,Pasto,Brickson Park,6,528
967,Chvaletice,Weeping Birch,395,126
968,Las Vegas,Comanche,59,455
969,Alameda,Oxford,312,894
970,Fenoarivo Atsinanana,Chive,399,248
971,Jacobina,Stuart,478,615
972,Mabuhay,Glendale,269,704
973,Daxinshao,Hauk,758,68
974,Karangsonojabon,Hoard,809,110
975,Qiaozhuang,Valley Edge,769,768
976,Arthur’s Town,Ramsey,717,617
977,Kebonagung,Vera,27,619
978,Livorno,Cordelia,866,114
979,Luxi,Oriole,207,943
980,Baltimore,Eagan,888,464
981,Le Perreux-sur-Marne,Buena Vista,687,740
982,Bogotá,Independence,121,88
983,Gaillac,Melby,735,524
984,Nashville,Annamark,667,45
985,Kurovskoye,Lindbergh,306,890
986,Wŏnju,Elmside,293,750
987,Gaoqiao,Maywood,689,36
988,Shamva,Summer Ridge,936,49
989,Alto del Espino,Milwaukee,5,449
990,Loshnitsa,Kingsford,407,638
991,Marabá,Bonner,620,81
992,Baikouquan,Grayhawk,394,447
993,Punggurharjo,Mccormick,281,285
994,Zhirnovsk,6th,876,221
995,Rockford,Hagan,134,24
996,Bangangté,Saint Paul,88,965
997,Ibung,Reindahl,12,376
998,San Francisco,Pond,167,819
999,Ovsyanka,Namekagon,494,499
1000,Petrovice u Karviné,Delladonna,278,350
