1,Агафон,Ситников,2019-02-18,1964-10-26,2.9,20787.0,zgerrell0@ebay.co.uk,+27 (463) 571-9572
2,Пахом,Дементьев,2018-02-15,1997-08-04,1.7,19054.0,aprobat1@imageshack.us,+86 (993) 840-7440
3,Вячеслав,Кондратьев,2020-09-04,1997-04-05,1.4,20453.0,hgoodred2@vkontakte.ru,+356 (409) 231-3814
4,Петр,Шестаков,2019-12-18,1993-05-07,4.1,22188.0,mwolverson3@washingtonpost.com,+420 (904) 673-3631
5,Виргиния,Соболева,2020-08-20,1983-07-19,2.2,27196.0,jfilip4@github.io,+57 (544) 919-4075
6,Злата,Фомичёва,2017-06-21,1992-09-18,0.8,22669.0,ecamosso5@cloudflare.com,+55 (657) 208-3145
7,Симон,Антонов,2018-09-13,1980-09-15,0.5,17014.0,sdarter6@domainmarket.com,+7 (818) 525-2411
8,Нифонт,Блинов,2017-03-13,1993-06-03,4.5,20915.0,abryant7@nymag.com,+60 (382) 756-6571
9,Конон,Тимофеев,2020-07-20,1981-06-06,3.6,28018.0,gwardrope8@hud.gov,+63 (810) 616-9025
10,Никифор,Журавлёв,2018-08-05,1983-07-07,1.8,17122.0,kleborgne9@printfriendly.com,+86 (929) 594-7406
11,Млада,Уварова,2020-08-21,1962-06-21,4.9,22437.0,jlawrensona@xinhuanet.com,+63 (442) 264-8433
12,Игорь,Павлов,2020-12-31,1972-08-10,0.2,21250.0,pbartoszewiczb@weibo.com,+251 (879) 316-6592
13,Феоктист,Воронцов,2019-07-23,1968-02-08,3.4,21249.0,fmantrippc@businessinsider.com,+970 (830) 462-6937
14,Меланья,Веселова,2016-12-17,1992-08-07,2.5,16296.0,smeddickd@prnewswire.com,+52 (509) 853-3608
15,Лаврентий,Фомичёв,2015-12-17,1961-08-23,0.4,27297.0,kwharbye@prweb.com,+86 (284) 821-1870
16,Неонила,Кудрявцева,2018-07-09,1991-11-06,3.0,28039.0,pwhitearf@china.com.cn,+66 (639) 737-7073
17,Ядвига,Савина,2020-03-02,1979-05-03,1.2,29334.0,scroleg@mashable.com,+62 (977) 498-2353
18,Парамон,Поляков,2020-06-05,1970-03-14,0.2,22982.0,tlangrickh@godaddy.com,+81 (439) 318-9706
19,Казимира,Хохлова,2018-08-12,1972-04-10,0.8,29523.0,ccrombiei@delicious.com,+55 (623) 528-3640
20,Пахом,Колобов,2018-11-15,1995-09-15,4.8,22667.0,tdunnettj@google.ca,+33 (853) 949-9036
21,Константин,Цветков,2018-12-23,1987-07-25,2.0,17380.0,bsnoxillk@arizona.edu,+55 (564) 279-5671
22,Петр,Бирюков,2020-07-16,1993-08-01,3.3,25454.0,ajiroutekl@vinaora.com,+386 (916) 708-2600
23,Фортунат,Селезнёв,2017-04-10,1994-08-03,2.9,27109.0,tfirmagem@hexun.com,+358 (776) 656-4296
24,Луиза,Муравьёва,2018-01-29,1975-03-01,1.2,19128.0,dcrofthwaiten@simplemachines.org,+505 (715) 146-5699
25,Савватий,Рыбаков,2021-06-13,1967-12-19,3.5,26185.0,uskaceo@salon.com,+689 (389) 801-5160
26,Софья,Тетерина,2019-04-28,1974-06-07,4.6,29065.0,dkettellp@shareasale.com,+46 (856) 119-5012
27,Агриппина,Гордеева,2017-03-29,1969-12-06,3.2,26798.0,mmerrimentq@macromedia.com,+86 (745) 697-6983
28,Наркис,Тетерин,2017-04-21,1969-09-29,0.3,19535.0,csharnockr@psu.edu,+86 (213) 999-2964
29,Аким,Капустин,2017-09-24,1992-11-16,3.4,24180.0,ggrieves@yelp.com,+261 (873) 514-8523
30,Евграф,Сергеев,2018-10-07,2001-05-22,2.3,15336.0,gvanrosst@plala.or.jp,+7 (986) 386-8456
31,Святополк,Миронов,2017-08-06,1964-04-15,4.6,22083.0,ncheeku@devhub.com,+33 (391) 117-1415
32,Луиза,Тарасова,2018-10-01,1999-11-05,1.3,19956.0,kburyv@wufoo.com,+86 (276) 695-9945
33,Поликсена,Шубина,2021-05-28,1998-09-29,1.6,18714.0,cveelersw@reference.com,+62 (451) 453-2819
34,Меланья,Ефимова,2019-10-10,1981-01-08,4.4,19657.0,pgrowcockx@oracle.com,+62 (580) 430-0150
35,Надежда,Горшкова,2018-06-17,1966-10-20,2.3,16078.0,kaulty@4shared.com,+93 (794) 703-8833
36,Домна,Молчанова,2018-04-29,1987-09-03,1.7,15647.0,cguessz@stumbleupon.com,+33 (413) 572-6426
37,Иван,Громов,2019-06-21,1965-09-07,1.3,27989.0,tchapleo10@google.co.uk,+93 (186) 552-4936
38,Валерий,Егоров,2016-09-02,1996-07-19,1.7,26141.0,dellershaw11@themeforest.net,+86 (921) 217-2560
39,Ксения,Устинова,2021-02-02,1962-03-24,1.1,16249.0,gbremmell12@yahoo.com,+86 (221) 237-4552
40,Ульян,Калинин,2015-11-08,1965-12-09,3.8,23925.0,stommeo13@bluehost.com,+62 (961) 592-5968
41,Григорий,Зиновьев,2015-11-27,1987-02-11,1.2,22925.0,nbockman14@goo.ne.jp,+1 (883) 817-4656
42,Любомир,Исаков,2018-10-22,1967-03-12,0.9,15865.0,abartelli15@clickbank.net,+86 (119) 547-8481
43,Ананий,Лыткин,2017-10-05,1991-01-06,4.3,26340.0,clowerson16@vkontakte.ru,+269 (591) 124-2996
44,Марфа,Тетерина,2017-09-15,1969-06-26,2.0,16651.0,zbowden17@soundcloud.com,+93 (390) 854-0422
45,Феликс,Сазонов,2018-10-13,1993-07-08,1.6,17638.0,fmckernan18@businessinsider.com,+386 (940) 729-9871
46,Авксентий,Самсонов,2021-05-25,2002-04-28,2.6,24471.0,wtabourin19@ted.com,+420 (920) 448-8628
47,Ян,Лаврентьев,2019-05-18,1994-07-30,2.8,15784.0,agarnar1a@example.com,+86 (242) 212-1404
48,Платон,Сергеев,2016-08-31,1995-10-13,2.5,29608.0,ffenimore1b@ovh.net,+62 (306) 262-4530
49,Флорентина,Молчанова,2021-08-09,1975-02-17,4.3,16416.0,maymer1c@unc.edu,+86 (124) 817-9015
50,Никандр,Савин,2017-07-30,1972-10-24,3.6,25129.0,bvignal1d@ask.com,+370 (619) 969-7502
51,Станимир,Овчинников,2018-09-09,1994-08-22,3.7,21181.0,evalente1e@sohu.com,+374 (217) 693-8699
52,Гордей,Фролов,2017-08-24,1969-07-28,3.9,24120.0,mubsdell1f@huffingtonpost.com,+1 (614) 503-5719
53,Панфил,Моисеев,2019-01-20,1989-09-19,4.6,27838.0,mrylstone1g@cdc.gov,+56 (920) 495-4855
54,Зосима,Мамонтов,2020-08-24,1992-10-20,1.8,24762.0,dforster1h@pinterest.com,+49 (475) 162-4481
55,Лилиана,Власова,2017-08-10,1986-08-18,3.5,16119.0,ematchitt1i@bloglovin.com,+251 (594) 775-9415
56,Георгий,Родионов,2018-04-07,1982-11-15,2.0,29471.0,flarwood1j@yellowbook.com,+63 (194) 761-6780
57,Мартын,Шилов,2016-11-06,1993-08-26,3.4,17363.0,tolexa1k@wsj.com,+46 (538) 930-8691
58,Фелицата,Панова,2016-07-08,1985-05-26,2.3,15587.0,mfrenchum1l@cbsnews.com,+58 (873) 500-1271
59,Евсей,Орехов,2016-05-20,1964-11-12,3.4,29632.0,aklimmek1m@homestead.com,+63 (830) 253-7630
60,Любомира,Баранова,2021-07-17,1971-08-29,1.2,27157.0,ocruft1n@networksolutions.com,+237 (253) 985-2004
61,Меланья,Турова,2017-05-28,1981-02-27,3.7,18693.0,imohammad1o@reddit.com,+251 (538) 599-8496
62,Ефросинья,Белоусова,2019-12-18,1979-09-23,5.0,17957.0,etrice1p@addtoany.com,+385 (402) 389-5075
63,Симон,Шашков,2018-07-29,2001-07-20,4.6,27414.0,swevell1q@oaic.gov.au,+63 (570) 595-3846
64,Евлампия,Жданова,2021-08-11,2001-12-18,3.1,17480.0,cmcgarvey1r@soundcloud.com,+86 (370) 207-5268
65,Парамон,Маслов,2018-06-12,1990-01-26,3.5,15650.0,lkeitch1s@google.ca,+46 (928) 677-8726
66,Рубен,Гордеев,2016-08-06,1973-09-30,0.3,15402.0,kbound1t@altervista.org,+84 (925) 100-2801
67,Елизар,Новиков,2020-07-20,1986-08-16,0.8,27273.0,cdencs1u@taobao.com,+47 (698) 691-1463
68,Никон,Артемьев,2016-03-17,1984-06-15,3.0,17759.0,dbenoist1v@npr.org,+86 (787) 137-6856
69,Горислава,Степанова,2017-08-09,1974-12-10,3.8,19953.0,aebbles1w@phoca.cz,+52 (848) 167-5229
70,Марфа,Мамонтова,2015-10-02,1962-12-23,1.2,22668.0,smccray1x@ed.gov,+54 (536) 784-3147
71,Борислав,Алексеев,2019-06-08,1965-11-01,0.7,15664.0,ccoslitt1y@infoseek.co.jp,+420 (111) 676-6593
72,Мартьян,Сидоров,2017-08-20,1979-08-16,1.9,17228.0,mphillippo1z@answers.com,+81 (421) 365-8296
73,Злата,Терентьева,2021-06-19,1980-05-27,4.7,15220.0,cmiddlemist20@wikipedia.org,+380 (121) 773-1580
74,Викторин,Беспалов,2019-07-18,1997-02-09,2.1,28128.0,jotson21@eepurl.com,+62 (281) 458-3883
75,Харитон,Панфилов,2016-04-14,2001-12-31,4.7,19690.0,bholyland22@people.com.cn,+1 (779) 643-1436
76,Таисия,Комиссарова,2019-12-03,1967-06-07,0.8,27245.0,gorknay23@creativecommons.org,+63 (748) 134-4760
77,Софрон,Носов,2021-07-12,1973-12-13,0.4,17943.0,kperfili24@hexun.com,+62 (903) 616-9519
78,Бронислава,Игнатова,2019-06-26,1981-11-06,4.7,16656.0,vpleager25@ow.ly,+55 (616) 627-3738
79,Мариан,Силин,2017-09-06,1964-06-09,4.5,16868.0,ndoone26@nih.gov,+51 (481) 208-1270
80,Эмиль,Кириллов,2017-09-07,1966-12-24,1.1,21794.0,sbeadman27@360.cn,+48 (695) 977-4816
81,Муза,Мишина,2016-01-07,1963-10-15,1.1,25236.0,vmarchington28@simplemachines.org,+81 (879) 954-1860
82,Автоном,Дроздов,2017-09-09,1964-02-25,2.6,24017.0,tlebosse29@disqus.com,+51 (983) 146-4780
83,Владлен,Лазарев,2016-05-09,1968-07-22,2.5,22172.0,sdeakins2a@columbia.edu,+27 (218) 796-3993
84,Чеслав,Виноградов,2015-12-29,1991-08-31,0.9,20074.0,mdwelly2b@amazonaws.com,+86 (639) 346-1548
85,Фома,Суворов,2017-01-10,1985-06-20,3.9,28885.0,tpeace2c@gizmodo.com,+7 (540) 553-4077
86,Илья,Носов,2019-02-27,1986-09-20,2.3,29953.0,rmacshane2d@latimes.com,+358 (947) 254-5595
87,Гурий,Лаврентьев,2019-02-28,1990-04-02,1.9,23903.0,jpearl2e@goodreads.com,+62 (995) 298-3263
88,Осип,Дорофеев,2018-05-29,1965-10-23,1.2,21528.0,bariss2f@go.com,+33 (243) 416-3596
89,Панфил,Ковалёв,2021-07-03,1983-03-14,2.0,17751.0,ggiorgeschi2g@bloomberg.com,+81 (670) 283-1711
90,Виссарион,Меркушев,2016-06-17,1981-10-18,0.9,15698.0,okeedy2h@vimeo.com,+351 (937) 758-9318
91,Ия,Бирюкова,2018-01-03,1983-01-21,1.8,29750.0,garling2i@netvibes.com,+48 (998) 644-3648
92,Агап,Зимин,2020-06-16,1997-09-21,2.7,21179.0,jharston2j@cpanel.net,+48 (696) 357-4036
93,Парфен,Медведев,2021-06-28,1976-02-03,1.8,23115.0,rvouls2k@businesswire.com,+351 (433) 846-3612
94,Иосиф,Ларионов,2016-05-03,1996-08-13,1.7,18935.0,nmottershaw2l@skyrock.com,+86 (754) 651-8951
95,Бажен,Макаров,2016-03-18,1978-10-05,4.1,29145.0,jminchell2m@google.ca,+7 (844) 125-5467
96,Аполлинария,Наумова,2020-03-23,1969-01-01,2.1,16059.0,ldemiranda2n@sphinn.com,+502 (857) 631-7872
97,Кирилл,Молчанов,2018-01-08,1983-01-07,4.2,24966.0,niltchev2o@google.cn,+39 (760) 424-1235
98,Эраст,Карпов,2016-01-07,1973-12-20,1.5,22367.0,rmucklestone2p@dion.ne.jp,+374 (345) 520-9933
99,Ипат,Гуляев,2016-02-16,1997-03-30,2.0,27146.0,sheugh2q@sohu.com,+66 (281) 899-1493
100,Никон,Соболев,2018-04-10,1982-02-05,0.1,18349.0,bhansana2r@is.gd,+351 (547) 654-6557
101,Спиридон,Селиверстов,2019-09-22,1985-01-30,4.1,28177.0,lberntssen2s@indiegogo.com,+1 (501) 653-6760
102,Макар,Корнилов,2016-05-02,1978-05-26,2.2,24785.0,mcollard2t@google.de,+86 (776) 378-1261
103,Генриетта,Пономарёва,2020-03-19,2000-10-14,4.7,25094.0,afernanando2u@apache.org,+52 (764) 220-9553
104,Никандр,Брагин,2016-02-03,1992-11-04,4.2,24410.0,mworsham2v@umn.edu,+62 (410) 892-8939
105,Лада,Журавлёва,2020-05-27,1973-10-24,0.3,18590.0,asibbson2w@buzzfeed.com,+48 (459) 443-6449
106,Александр,Поляков,2016-01-02,1999-02-13,4.3,15439.0,dbuche2x@intel.com,+7 (222) 955-6154
107,Симон,Горшков,2020-01-24,1980-01-08,1.5,19736.0,tdagon2y@si.edu,+86 (495) 983-2300
108,Берта,Крюкова,2016-06-23,1966-09-09,0.7,20182.0,bstotherfield2z@europa.eu,+420 (503) 263-6668
109,Еремей,Яковлев,2021-07-14,1981-02-10,2.5,25160.0,lcalcraft30@cbsnews.com,+62 (753) 695-1185
110,Мальвина,Агафонова,2016-08-29,1998-08-02,0.3,27194.0,cwrintmore31@scribd.com,+86 (413) 333-8364
111,Лучезар,Лихачёв,2017-12-01,1993-02-22,1.3,27884.0,cmatzel32@ox.ac.uk,+82 (710) 225-7805
112,Влада,Громова,2020-04-25,1961-11-22,2.4,25510.0,rstandell33@cnn.com,+46 (979) 862-5083
113,Владислава,Пономарёва,2020-08-02,1984-11-26,4.6,16552.0,pidle34@netscape.com,+55 (239) 538-5844
114,Людмила,Сидорова,2019-07-24,1965-10-04,4.3,25361.0,llovett35@fda.gov,+86 (953) 636-2314
115,Сильвестр,Рыбаков,2016-11-05,2000-08-18,1.7,16927.0,thousecraft36@businessinsider.com,+86 (457) 391-5710
116,Захар,Колобов,2020-09-07,1997-08-14,0.8,23822.0,smadle37@mtv.com,+62 (728) 933-5689
117,Всеслав,Юдин,2020-02-26,1971-02-02,2.7,23405.0,fwhyborne38@blogger.com,+48 (785) 791-4823
118,Мирон,Королёв,2021-03-24,1966-11-28,2.1,28772.0,mscheffel39@digg.com,+507 (271) 302-4271
119,Ермолай,Лазарев,2019-01-13,1974-08-10,0.3,24856.0,rmaclaughlin3a@upenn.edu,+86 (529) 502-1037
120,Григорий,Филатов,2017-08-06,2000-03-29,3.4,26182.0,jmcilmorow3b@goodreads.com,+86 (478) 452-5258
121,Милован,Данилов,2018-02-01,1991-10-31,3.8,24643.0,kcrebott3c@dmoz.org,+51 (705) 868-2081
122,Болеслав,Крылов,2019-11-13,1981-05-08,3.8,17954.0,ppeirpoint3d@ox.ac.uk,+86 (525) 421-5470
123,Ладимир,Владимиров,2020-12-04,1984-12-25,3.2,19944.0,bdedden3e@bravesites.com,+66 (448) 639-2932
124,Зосима,Смирнов,2020-02-16,1998-09-28,1.7,21091.0,rbrear3f@cnet.com,+27 (870) 893-9282
125,Леон,Иванов,2017-11-30,1971-02-14,1.5,23333.0,blower3g@thetimes.co.uk,+86 (347) 660-1239
126,Евстафий,Зуев,2020-09-18,1994-03-21,1.2,22456.0,cgirard3h@washington.edu,+358 (515) 171-5945
127,Амвросий,Архипов,2021-06-20,1993-01-25,5.0,23320.0,ccassie3i@psu.edu,+7 (463) 533-5156
128,Филимон,Смирнов,2020-04-10,1991-10-22,4.6,19854.0,bjakubovics3j@nps.gov,+374 (590) 343-6656
129,Богдан,Корнилов,2015-10-11,1998-07-24,3.0,15399.0,bhansmann3k@pcworld.com,+54 (470) 193-5140
130,Наталья,Орлова,2020-03-07,1985-11-21,3.2,29504.0,jharral3l@cnbc.com,+242 (109) 158-5704
131,Сидор,Гурьев,2019-10-15,1990-03-18,1.2,19108.0,dgoggey3m@hugedomains.com,+63 (151) 844-7584
132,Руслан,Борисов,2020-10-13,1984-06-11,3.1,27454.0,thankinson3n@mayoclinic.com,+56 (180) 336-6837
133,Татьяна,Фёдорова,2018-09-21,2000-09-14,4.5,28948.0,cwoodyer3o@stumbleupon.com,+63 (846) 466-6438
134,Ираида,Щукина,2018-08-04,1978-02-28,3.4,16086.0,labate3p@army.mil,+48 (199) 983-2797
135,Еремей,Соловьёв,2019-05-24,1976-06-07,3.9,15386.0,dbuckenhill3q@dot.gov,+375 (379) 448-2800
136,Валерьян,Мамонтов,2018-08-19,1997-01-22,1.3,20753.0,zsignorelli3r@cpanel.net,+98 (459) 208-0960
137,Ярослав,Рожков,2018-08-12,1994-11-23,1.1,22755.0,fmutimer3s@icq.com,+1 (582) 671-2329
138,Мария,Носова,2018-12-17,1963-01-30,3.0,26580.0,jmugridge3t@sphinn.com,+63 (436) 112-0944
139,Аким,Шестаков,2015-11-08,1986-07-29,4.6,16447.0,imagarrell3u@samsung.com,+1 (520) 517-1965
140,Лия,Миронова,2021-06-03,1970-10-14,0.2,22233.0,awyatt3v@nationalgeographic.com,+52 (169) 832-4816
141,Остромир,Носков,2020-03-24,1967-01-18,5.0,17845.0,kgottelier3w@issuu.com,+225 (771) 624-9583
142,Рубен,Орлов,2018-04-12,1987-05-26,1.9,26917.0,mdillinger3x@histats.com,+591 (395) 468-3639
143,Регина,Русакова,2021-05-04,1986-10-19,0.3,16980.0,cgoldstone3y@techcrunch.com,+55 (953) 664-2225
144,Карл,Наумов,2018-11-10,1978-05-10,4.4,25756.0,cgrain3z@furl.net,+52 (245) 515-3880
145,Болеслав,Поляков,2016-06-12,1962-05-21,2.4,20809.0,vodriscoll40@toplist.cz,+86 (900) 942-2687
146,Зоя,Яковлева,2018-07-26,1988-03-22,4.8,27428.0,rmillery41@storify.com,+66 (289) 668-4018
147,Казимира,Фролова,2017-06-09,1982-09-19,0.3,29177.0,dbadrick42@newyorker.com,+84 (804) 380-8167
148,Галина,Колобова,2018-05-19,1998-03-12,0.8,24098.0,urosthorn43@goo.gl,+62 (237) 405-4758
149,Викторин,Потапов,2020-06-27,1972-11-22,1.8,17509.0,bgarside44@rediff.com,+62 (445) 910-7442
150,Антонин,Копылов,2019-04-03,1964-01-23,2.3,26037.0,lwaddams45@skype.com,+1 (760) 343-8827
151,Ферапонт,Трофимов,2020-09-30,1989-05-25,2.6,24283.0,gluto46@mashable.com,+86 (513) 567-3913
152,Аполлон,Ковалёв,2019-09-03,2002-05-04,3.9,22271.0,froycraft47@umn.edu,+81 (611) 714-7036
153,Флорентин,Соколов,2020-04-09,1984-07-10,4.3,21130.0,ndruce48@boston.com,+351 (284) 432-3785
154,Лариса,Яковлева,2018-02-06,1986-11-30,0.8,25762.0,kismay49@twitter.com,+56 (701) 609-5460
155,Валентина,Силина,2021-02-16,1995-05-31,3.4,27766.0,smergue4a@uol.com.br,+380 (579) 799-8785
156,Ника,Герасимова,2020-03-10,1992-09-04,1.0,20124.0,sgammel4b@dion.ne.jp,+994 (355) 406-1507
157,Майя,Волкова,2019-07-08,1990-08-01,2.2,22782.0,lamori4c@kickstarter.com,+86 (512) 549-8933
158,Эмиль,Трофимов,2017-09-24,1970-05-18,3.5,24047.0,rbranni4d@aol.com,+234 (220) 850-6857
159,Мариетта,Беспалова,2018-12-16,1973-07-27,3.7,17049.0,lmitkcov4e@answers.com,+7 (610) 997-8197
160,Таисия,Субботина,2017-10-26,1972-01-17,3.7,19247.0,kcunney4f@gizmodo.com,+86 (859) 761-2043
161,Генриетта,Максимова,2020-05-26,1986-01-04,4.5,27545.0,qcowhig4g@technorati.com,+86 (582) 220-3539
162,Калерия,Суханова,2017-05-01,1995-06-11,2.4,15861.0,abrazil4h@bluehost.com,+86 (555) 500-5223
163,Марианна,Баранова,2017-11-25,2002-09-07,1.4,25422.0,srosthorn4i@desdev.cn,+234 (636) 221-3232
164,Марфа,Антонова,2019-04-26,1967-09-21,2.9,19184.0,jberceros4j@bloglines.com,+62 (416) 906-2848
165,Платон,Ефимов,2019-07-28,1989-02-03,2.3,22281.0,lestabrook4k@hostgator.com,+55 (844) 169-1596
166,Пелагея,Кудряшова,2019-11-17,1993-09-13,1.2,17286.0,mhinckley4l@sciencedaily.com,+509 (665) 999-6302
167,Карп,Шубин,2016-02-25,1968-11-12,1.2,15436.0,mjayes4m@yellowpages.com,+63 (690) 171-7793
168,Александр,Щербаков,2020-05-10,1968-06-07,3.9,15768.0,ipeyes4n@mayoclinic.com,+970 (462) 351-4220
169,Дмитрий,Блохин,2018-04-19,1972-10-15,1.0,29637.0,akalf4o@ed.gov,+995 (636) 166-5313
170,Осип,Беспалов,2017-12-09,1994-11-17,2.5,29303.0,progerson4p@wufoo.com,+591 (778) 422-5625
171,Наталья,Воробьёва,2021-02-07,1974-08-21,0.5,17816.0,fspain4q@t-online.de,+63 (739) 739-5226
172,Эвелина,Тихонова,2021-02-19,1973-11-22,4.5,18201.0,igraysmark4r@nature.com,+62 (187) 654-0346
173,Михей,Дроздов,2018-01-09,1987-01-22,0.4,28705.0,mhoutby4s@exblog.jp,+48 (600) 174-9475
174,Устин,Карпов,2021-03-15,1968-01-13,1.0,24750.0,ytrimme4t@google.com,+86 (757) 251-5099
175,Ульян,Тихонов,2020-01-18,1998-08-16,3.4,16903.0,jpirdue4u@gnu.org,+1 (745) 356-5661
176,Карл,Зимин,2021-07-25,1971-01-08,0.1,24053.0,ldomm4v@bigcartel.com,+86 (132) 398-8367
177,Афиноген,Тетерин,2018-09-11,1980-07-09,2.4,22573.0,mdenerley4w@weather.com,+598 (401) 655-2995
178,Сусанна,Кондратьева,2018-01-15,1989-10-18,3.6,22793.0,hcordy4x@free.fr,+218 (466) 150-2359
179,Вениамин,Попов,2017-08-22,1979-09-19,1.8,21220.0,dmaddrell4y@icq.com,+63 (815) 764-2559
180,Доминика,Устинова,2016-12-12,1988-06-21,4.4,27350.0,nrobez4z@toplist.cz,+86 (890) 274-0404
181,Андрей,Гусев,2015-09-18,1994-04-18,0.5,23413.0,kandersen50@soundcloud.com,+7 (673) 892-8318
182,Фрол,Мишин,2021-01-04,1990-03-04,5.0,16755.0,uedgeller51@auda.org.au,+1 (366) 432-0421
183,Всемил,Виноградов,2018-12-23,1978-03-09,3.5,26666.0,ltweede52@hatena.ne.jp,+86 (983) 994-5199
184,Мечислав,Лобанов,2021-08-16,1995-08-02,3.8,29373.0,fjeckells53@howstuffworks.com,+63 (125) 303-1474
185,Александра,Лазарева,2020-07-13,1962-09-03,2.9,28273.0,jrobertucci54@unesco.org,+351 (258) 197-4676
186,Ираида,Игнатьева,2019-10-01,1981-11-01,3.5,17092.0,edannehl55@java.com,+62 (725) 510-0960
187,Мир,Туров,2017-03-04,1978-07-21,0.6,22130.0,lpluck56@vk.com,+81 (689) 987-6276
188,Афанасий,Кондратьев,2016-07-20,1976-10-30,2.5,18598.0,adionsetti57@godaddy.com,+86 (649) 599-7808
189,Людмила,Гусева,2020-02-09,1974-11-12,0.7,17665.0,acamplejohn58@princeton.edu,+242 (263) 927-2856
190,Леонид,Константинов,2016-02-13,1987-07-09,1.5,19037.0,mstopp59@loc.gov,+86 (858) 259-9740
191,Вероника,Горбачёва,2016-06-11,1997-08-20,4.4,15625.0,dbarthot5a@msn.com,+20 (168) 225-2994
192,Борис,Козлов,2017-06-28,1987-12-24,2.3,25095.0,lkepp5b@bbc.co.uk,+353 (168) 308-6969
193,Ксения,Сафонова,2016-03-20,1995-04-08,2.7,25719.0,ocheater5c@ca.gov,+54 (965) 841-8531
194,Аггей,Афанасьев,2020-09-27,1989-08-15,0.9,21861.0,shastler5d@skype.com,+86 (305) 701-2546
195,Ярослав,Козлов,2017-02-22,1966-09-06,3.9,27499.0,mmatches5e@bizjournals.com,+62 (921) 982-3009
196,Спиридон,Сазонов,2020-10-08,1995-11-24,2.8,18343.0,wort5f@ucoz.ru,+30 (894) 928-0463
197,Ираида,Голубева,2018-01-25,1983-12-31,0.3,15082.0,gdand5g@canalblog.com,+49 (223) 921-6762
198,Матвей,Кудряшов,2017-07-12,1986-11-14,4.6,29512.0,kbehnecke5h@irs.gov,+261 (671) 128-4915
199,Валерия,Гришина,2016-08-12,1993-12-31,3.6,29149.0,vralphs5i@chronoengine.com,+62 (959) 642-6412
200,Надежда,Кабанова,2020-12-03,2002-08-13,0.1,16834.0,sbaty5j@nasa.gov,+7 (439) 248-1407
201,Анисья,Маслова,2020-03-22,1966-06-08,3.6,21451.0,mselvester5k@youku.com,+54 (626) 724-2096
202,Эмилия,Гурьева,2017-08-22,1963-12-25,3.9,26591.0,vjasik5l@de.vu,+48 (555) 252-3742
203,Эдуард,Кулагин,2018-03-03,1971-10-20,1.5,19437.0,cdowty5m@alexa.com,+963 (868) 461-0892
204,Демьян,Петухов,2017-02-03,1992-04-21,4.3,19882.0,ddowse5n@joomla.org,+57 (602) 998-4835
205,Порфирий,Новиков,2017-07-23,1981-10-23,4.0,23277.0,ycapell5o@com.com,+351 (453) 412-9794
206,Савелий,Ковалёв,2015-12-15,1992-05-02,4.2,15252.0,asimmens5p@tmall.com,+86 (949) 685-9281
207,Надежда,Орехова,2019-05-03,1962-01-13,4.3,24589.0,asteanson5q@tinypic.com,+62 (587) 661-4654
208,Андрей,Романов,2017-01-05,1972-05-01,4.4,25547.0,mdurek5r@fda.gov,+86 (437) 719-2147
209,Валерьян,Елисеев,2018-12-13,2002-03-12,2.6,15626.0,lcaret5s@cisco.com,+46 (926) 272-2297
210,Михаил,Кудрявцев,2021-08-16,1961-11-17,4.9,28119.0,jlum5t@un.org,+55 (537) 701-3443
211,Клавдия,Прохорова,2017-11-19,1999-10-14,1.5,19411.0,cgray5u@opensource.org,+241 (205) 814-5079
212,Сусанна,Субботина,2019-06-16,1966-09-22,4.8,27600.0,theasly5v@quantcast.com,+355 (975) 859-0490
213,Ванда,Горбунова,2019-10-28,1979-12-16,0.3,20550.0,msonner5w@ning.com,+27 (180) 898-6700
214,Богдан,Антонов,2017-02-08,1972-12-10,2.7,19052.0,jkapiloff5x@google.com,+1 (507) 161-5072
215,Мстислава,Мартынова,2016-04-04,1991-11-20,3.7,27865.0,urassmann5y@sciencedaily.com,+62 (559) 918-7129
216,Матвей,Гришин,2021-08-19,1999-03-31,4.8,29339.0,ebernadot5z@sfgate.com,+47 (817) 662-0516
217,Марта,Маркова,2017-12-16,1985-03-04,1.6,27015.0,dewdale60@weebly.com,+81 (409) 658-0244
218,Лиана,Зайцева,2018-08-28,2002-05-16,4.5,27366.0,bbroek61@archive.org,+81 (893) 687-3292
219,Влада,Петухова,2018-07-26,2002-05-28,1.8,21469.0,bdemico62@europa.eu,+1 (410) 468-5635
220,Евлампия,Емельянова,2019-08-31,1964-02-16,3.1,16091.0,kdalgarnowch63@japanpost.jp,+86 (380) 300-1431
221,Кондратий,Быков,2021-08-10,1969-05-11,4.3,29862.0,amorde64@tiny.cc,+86 (654) 943-5513
222,Творимир,Комаров,2020-01-31,1981-12-02,2.1,15531.0,bpopescu65@nih.gov,+84 (940) 158-2208
223,Евстафий,Кондратьев,2018-06-04,1991-07-23,4.7,17700.0,dwallman66@baidu.com,+62 (151) 797-0282
224,Матвей,Шестаков,2019-12-25,2000-06-26,1.6,24561.0,gmcgrah67@twitpic.com,+970 (611) 275-1938
225,Святополк,Калашников,2017-06-09,1987-08-21,4.7,22341.0,jdaventry68@soup.io,+976 (593) 296-1794
226,Любомир,Мясников,2017-12-19,1990-03-29,3.5,16832.0,mpittwood69@arstechnica.com,+353 (576) 576-9755
227,Владилена,Елисеева,2017-06-17,2002-06-30,1.1,23717.0,tfosdike6a@dailymail.co.uk,+48 (704) 311-2248
228,Элеонора,Рыбакова,2020-12-17,1975-07-13,4.1,19560.0,cbeeze6b@over-blog.com,+504 (255) 262-0295
229,Розина,Киселёва,2018-04-25,1985-08-05,0.4,19841.0,esparry6c@twitter.com,+51 (325) 933-5304
230,Ладимир,Крюков,2017-05-24,1973-12-01,4.7,22553.0,rorodane6d@issuu.com,+47 (730) 583-2261
231,Наталия,Веселова,2016-01-14,1972-10-11,0.2,29729.0,atissington6e@samsung.com,+86 (423) 187-4855
232,Тимур,Суханов,2016-06-13,1994-07-25,0.7,15822.0,ddudny6f@archive.org,+256 (408) 224-5398
233,Евгеиня,Панова,2015-11-24,1975-07-02,0.7,21960.0,jdik6g@cdc.gov,+62 (881) 216-0336
234,Пахом,Носов,2015-10-22,1985-05-05,3.3,15061.0,lcausnett6h@google.cn,+86 (746) 222-6663
235,Селиван,Шубин,2018-08-17,1980-01-09,1.3,20311.0,ldockrill6i@slashdot.org,+98 (599) 504-2994
236,Лидия,Белова,2019-10-20,1991-04-25,2.4,20343.0,djossum6j@pcworld.com,+63 (723) 292-3253
237,Любава,Борисова,2019-11-13,2001-02-14,1.1,24933.0,kcocklin6k@epa.gov,+505 (464) 404-2461
238,Авксентий,Горшков,2017-01-17,2001-09-21,4.4,22617.0,fbuttrum6l@ocn.ne.jp,+375 (800) 896-4867
239,Алексей,Силин,2016-05-22,1976-06-03,3.1,15654.0,nsedgefield6m@amazon.de,+27 (308) 355-8199
240,Евлампия,Лихачёва,2018-10-24,1995-10-18,4.2,19519.0,tlorent6n@wikispaces.com,+86 (325) 878-6300
241,Василиса,Лапина,2017-01-16,1993-10-30,2.3,17410.0,vlong6o@java.com,+62 (547) 992-3522
242,Рада,Авдеева,2016-04-16,1981-02-04,4.2,17451.0,snormington6p@de.vu,+81 (852) 403-2018
243,Радован,Буров,2018-06-13,1998-08-16,1.6,16645.0,rwaight6q@angelfire.com,+7 (200) 178-8796
244,Клавдий,Самсонов,2020-12-10,1999-03-23,2.7,25336.0,lgleeton6r@github.io,+31 (493) 194-3427
245,Ермил,Савин,2020-06-05,1962-11-29,2.6,18348.0,lvalentine6s@ucoz.com,+353 (618) 376-9593
246,Элеонора,Никифорова,2016-02-11,1973-11-22,4.4,21730.0,llindhe6t@hp.com,+86 (539) 379-1767
247,Харлампий,Сорокин,2021-08-01,1991-01-12,0.3,16631.0,vsimoneton6u@baidu.com,+7 (688) 468-1808
248,Феофан,Андреев,2016-01-26,1987-03-06,2.2,15995.0,rbarrus6v@umn.edu,+380 (692) 819-5987
249,Инга,Алексеева,2020-10-08,1975-03-23,1.4,28924.0,ewathey6w@cloudflare.com,+63 (832) 493-4004
250,Пульхерия,Рябова,2018-01-29,1985-02-07,2.4,28550.0,kmathiot6x@wikia.com,+235 (615) 818-4350
251,Лидия,Мельникова,2019-05-12,1998-07-05,2.6,23081.0,phouten6y@flavors.me,+676 (646) 888-5878
252,Серафима,Орехова,2021-07-17,1961-02-04,2.5,26307.0,bjeannequin6z@w3.org,+7 (651) 863-6408
253,Кузьма,Силин,2018-07-21,1984-02-16,4.9,16335.0,jrattray70@yolasite.com,+254 (108) 143-5524
254,Фрол,Волков,2017-09-15,1970-02-15,0.6,18310.0,tfazzioli71@pagesperso-orange.fr,+86 (342) 847-3115
255,Марк,Гущин,2016-08-04,1982-07-21,2.6,18403.0,gtrinbey72@rakuten.co.jp,+57 (546) 774-6364
256,Вениамин,Казаков,2016-02-11,1973-09-05,3.6,20522.0,ztomblin73@google.co.uk,+7 (790) 216-6100
257,Мелитриса,Фадеева,2017-07-03,2002-04-12,4.1,15369.0,ciacovo74@posterous.com,+86 (546) 243-4139
258,Лаврентий,Лукин,2018-01-06,1974-11-19,0.4,26962.0,sandor75@google.com.hk,+63 (919) 491-9588
259,Федот,Гусев,2016-01-29,1994-06-22,4.4,25239.0,kstigell76@icio.us,+66 (899) 734-2056
260,Анна,Уварова,2017-05-15,1971-04-20,0.2,29468.0,fblatherwick77@is.gd,+7 (570) 552-6717
261,Римма,Мясникова,2016-06-28,1970-05-31,4.3,15593.0,agiacomi78@ucsd.edu,+225 (571) 562-1990
262,Лиана,Никифорова,2019-12-24,1992-04-23,4.5,21923.0,dnott79@privacy.gov.au,+98 (943) 154-7211
263,Ипполит,Колобов,2020-09-07,2002-01-15,3.9,23249.0,aspittall7a@ameblo.jp,+62 (249) 251-3548
264,Виргиния,Антонова,2016-03-20,1993-12-12,0.6,16275.0,cgoldhill7b@ycombinator.com,+86 (351) 758-3994
265,Руслан,Вишняков,2021-02-04,2002-02-05,2.9,25187.0,ceggleton7c@example.com,+255 (352) 976-3740
266,Антонида,Орехова,2017-04-30,1989-12-10,3.4,17104.0,astaubyn7d@last.fm,+375 (168) 365-5111
267,Эрнст,Куликов,2020-02-29,1987-03-27,0.3,28292.0,cvescovini7e@dropbox.com,+63 (760) 206-7332
268,Всеволод,Доронин,2019-09-02,1960-12-08,1.9,22912.0,amaccroary7f@networkadvertising.org,+31 (447) 433-5901
269,Елена,Мамонтова,2016-12-13,1997-06-03,3.3,19224.0,bpither7g@last.fm,+886 (772) 126-8416
270,Спиридон,Новиков,2017-12-14,1993-03-29,3.7,16032.0,ctoulmin7h@ask.com,+86 (606) 677-0219
271,Ростислав,Сидоров,2020-10-23,1965-01-15,4.1,23846.0,mstudders7i@unicef.org,+62 (144) 594-3781
272,Фома,Михайлов,2017-08-12,1997-02-18,4.8,28612.0,mhoulson7j@webeden.co.uk,+57 (596) 678-2416
273,Евграф,Никонов,2020-06-13,1970-10-30,2.7,15434.0,lchaman7k@google.co.jp,+81 (245) 341-5361
274,Еремей,Одинцов,2018-07-17,1964-11-18,0.8,27449.0,hkalisch7l@blinklist.com,+224 (378) 837-9868
275,Артем,Дроздов,2018-07-03,1976-10-02,4.0,22558.0,tbraemer7m@patch.com,+63 (610) 310-4624
276,Марина,Осипова,2015-11-09,1972-10-14,2.3,25231.0,jvenour7n@engadget.com,+86 (355) 901-1070
277,Иосиф,Воронцов,2021-02-27,1985-02-18,3.4,23199.0,edethloff7o@virginia.edu,+7 (348) 113-0630
278,Неонила,Гущина,2020-03-13,1989-07-29,1.5,20125.0,ncrump7p@github.com,+1 (916) 870-4341
279,Боян,Лапин,2020-01-14,1967-12-25,2.8,20549.0,sdyson7q@blogger.com,+86 (714) 134-0545
280,Казимир,Ширяев,2017-06-24,1966-02-04,2.3,23596.0,dgillan7r@latimes.com,+351 (558) 703-3336
281,Федосья,Чернова,2021-04-01,1995-11-25,3.4,29511.0,mtithecott7s@cnet.com,+66 (346) 742-8655
282,Геннадий,Макаров,2018-11-05,1962-08-06,4.6,23399.0,slorryman7t@cmu.edu,+86 (374) 785-6573
283,Пантелеймон,Копылов,2020-06-04,1981-12-19,2.2,26701.0,jphlippsen7u@facebook.com,+351 (231) 837-7612
284,Лидия,Кузьмина,2017-04-27,1989-08-26,4.8,25466.0,mogrady7v@jugem.jp,+86 (534) 752-6575
285,Гедеон,Трофимов,2021-03-28,1982-02-05,1.2,20629.0,etoovey7w@rediff.com,+86 (969) 469-8996
286,Капитолина,Максимова,2017-12-13,1982-10-22,1.6,24742.0,jroan7x@indiegogo.com,+380 (904) 790-2433
287,Роман,Соколов,2019-09-14,1993-07-05,1.1,25401.0,rspraging7y@icio.us,+509 (974) 126-2594
288,Матвей,Сафонов,2017-06-12,1966-02-19,1.8,15788.0,tpyrah7z@ftc.gov,+55 (141) 687-0016
289,Дарья,Кононова,2020-12-17,1992-08-12,3.3,27514.0,jradolf80@tiny.cc,+54 (509) 163-7934
290,Дорофей,Никифоров,2015-12-24,1963-08-07,3.5,18840.0,lnewsome81@washingtonpost.com,+380 (839) 589-1911
291,Фатина,Мартынова,2018-10-22,1970-06-10,2.3,23837.0,gblenkiron82@cmu.edu,+7 (291) 340-3501
292,Василиса,Носкова,2021-08-24,1968-09-18,3.5,20483.0,nzanicchi83@who.int,+86 (684) 386-0678
293,Андрон,Селиверстов,2016-06-29,1970-06-17,4.2,15326.0,pprayer84@cafepress.com,+998 (330) 420-9817
294,Кларисса,Журавлёва,2019-01-22,1987-02-28,0.9,26578.0,scattell85@wiley.com,+374 (710) 414-4747
295,Всеслав,Копылов,2016-08-14,1972-11-17,4.7,27342.0,cwilacot86@tinyurl.com,+20 (671) 804-6493
296,Горислава,Казакова,2016-03-03,1964-09-08,2.8,15810.0,cgodwyn87@dot.gov,+62 (737) 357-6580
297,Будимир,Шестаков,2016-07-29,1985-05-14,2.7,23093.0,amangam88@amazon.co.uk,+63 (356) 753-2346
298,Мариан,Исаев,2021-01-15,1994-05-17,2.4,17692.0,crutherford89@wunderground.com,+31 (298) 709-5424
299,Лука,Логинов,2018-12-14,1971-06-23,2.0,27683.0,mpickhaver8a@slate.com,+355 (592) 824-5607
300,Галина,Белова,2019-09-14,2002-05-29,4.3,15055.0,aboustred8b@seattletimes.com,+590 (276) 681-8427
301,Гостомысл,Филиппов,2019-03-17,1986-02-09,0.0,16105.0,hcrome8c@nytimes.com,+976 (945) 996-6523
302,Бажен,Давыдов,2016-03-08,1987-12-28,3.9,24097.0,lpetrik8d@jimdo.com,+62 (468) 382-4174
303,Евгеиня,Быкова,2019-02-15,1963-04-14,4.4,19296.0,lmccorley8e@sciencedaily.com,+48 (893) 391-6261
304,Марта,Лихачёва,2016-10-23,1981-01-03,0.9,19063.0,aconnelly8f@psu.edu,+62 (730) 843-9637
305,Тихон,Симонов,2017-04-29,1976-11-17,4.5,18227.0,gdutt8g@amazonaws.com,+1 (408) 247-0037
306,Устин,Брагин,2017-12-28,1992-01-25,1.3,22608.0,yalbrecht8h@dot.gov,+1 (605) 373-7115
307,Трифон,Журавлёв,2016-09-23,1992-11-26,3.2,25944.0,tsiburn8i@hp.com,+52 (161) 784-7707
308,Алевтина,Гуляева,2020-11-13,1991-04-11,0.6,23145.0,ljaqueminet8j@patch.com,+55 (921) 295-0555
309,Лазарь,Овчинников,2017-03-28,1987-10-26,2.3,21442.0,gstoyell8k@etsy.com,+420 (645) 341-1177
310,Таисия,Сергеева,2021-02-27,1976-09-28,0.6,27296.0,cbussey8l@i2i.jp,+357 (289) 859-8929
311,Любава,Щукина,2018-10-01,1998-11-11,3.8,26093.0,staffs8m@scientificamerican.com,+81 (506) 125-6133
312,Кира,Кулагина,2020-11-22,1971-11-22,0.1,20067.0,igreenstreet8n@quantcast.com,+420 (383) 746-9965
313,Роман,Данилов,2018-04-23,1996-02-05,3.7,24503.0,cleech8o@technorati.com,+385 (970) 899-8295
314,Валентина,Бурова,2020-10-13,1974-05-17,3.2,24435.0,pguidi8p@jigsy.com,+81 (212) 845-2976
315,Майя,Михеева,2020-01-22,1972-11-27,3.8,17658.0,nhumbie8q@goodreads.com,+232 (681) 170-8029
316,Злата,Филатова,2017-03-14,1996-01-09,3.4,23129.0,mashment8r@ustream.tv,+62 (160) 600-5694
317,Евлампия,Артемьева,2020-04-15,1995-09-10,1.7,27644.0,cadamec8s@irs.gov,+55 (406) 145-0425
318,Ксения,Исакова,2018-09-05,1989-05-25,2.8,24040.0,tterry8t@cbc.ca,+386 (543) 742-6781
319,Агния,Галкина,2020-11-13,1990-11-06,4.1,20116.0,aannies8u@whitehouse.gov,+46 (283) 809-7236
320,Аникей,Суворов,2018-12-01,1969-05-21,4.1,17510.0,iblasl8v@nyu.edu,+63 (562) 513-1323
321,Любим,Костин,2015-11-10,2000-06-10,0.3,26099.0,hfolbigg8w@mlb.com,+81 (788) 452-7447
322,Марта,Кулагина,2018-09-23,1972-09-02,4.6,26063.0,nlindermann8x@mtv.com,+41 (719) 749-4763
323,Любосмысл,Юдин,2018-04-12,1999-03-30,2.6,26651.0,mcoleshill8y@examiner.com,+380 (379) 773-4635
324,Святослав,Мельников,2020-10-01,1965-08-18,4.4,29115.0,bsellek8z@si.edu,+86 (785) 664-7426
325,Исай,Соловьёв,2018-07-19,1976-07-07,3.5,29168.0,ltivers90@webeden.co.uk,+86 (847) 356-0070
326,Клавдия,Маслова,2016-11-14,1983-02-10,4.9,18905.0,agodrich91@ed.gov,+375 (769) 173-7798
327,Иван,Прохоров,2017-12-10,1966-07-21,3.1,29290.0,adallman92@livejournal.com,+62 (927) 116-2340
328,Всеслава,Чернова,2016-03-16,1977-02-13,3.2,27440.0,aelsmere93@google.de,+380 (373) 940-3342
329,Нина,Панова,2019-07-10,1973-03-20,2.9,21773.0,ewheatland94@amazon.co.jp,+86 (794) 767-0953
330,Остап,Авдеев,2017-05-04,1988-07-31,2.6,15797.0,ldorbon95@list-manage.com,+212 (622) 272-7417
331,Борислава,Меркушева,2021-08-03,1976-11-27,3.3,17910.0,ssutlieff96@nifty.com,+81 (235) 103-7331
332,Эмилия,Козлова,2017-12-13,1974-05-24,2.2,28963.0,vingerson97@yahoo.co.jp,+7 (920) 637-4294
333,Нона,Турова,2021-03-13,1985-12-10,0.6,27432.0,hrex98@4shared.com,+54 (470) 462-3962
334,Лукьян,Галкин,2017-08-15,1981-11-25,2.5,22139.0,tkiellor99@acquirethisname.com,+262 (892) 302-6559
335,Изот,Терентьев,2021-07-27,1978-08-28,3.8,16842.0,vmalley9a@oakley.com,+55 (416) 682-2010
336,Пантелеймон,Владимиров,2021-07-24,1981-05-05,0.7,15596.0,aroach9b@photobucket.com,+81 (636) 279-3542
337,Галактион,Петров,2018-05-29,1994-10-02,0.9,27497.0,ikealy9c@naver.com,+44 (987) 975-9445
338,Гедеон,Кудрявцев,2017-10-07,1981-09-07,2.1,23491.0,toloughran9d@noaa.gov,+33 (111) 171-3566
339,Аггей,Сафонов,2019-09-10,1978-10-30,0.3,26135.0,mvenart9e@cnbc.com,+63 (802) 900-3879
340,Пульхерия,Селезнёва,2021-05-13,1977-01-04,4.4,17023.0,cdale9f@dagondesign.com,+1 (743) 704-2319
341,Аскольд,Захаров,2020-03-19,1962-12-16,1.2,20532.0,hlakes9g@princeton.edu,+93 (761) 263-8960
342,Лонгин,Шашков,2016-01-05,1961-03-22,2.2,28568.0,bmuckloe9h@bloglines.com,+27 (787) 424-0078
343,Анфиса,Одинцова,2017-03-05,1981-02-18,1.8,24201.0,mrann9i@csmonitor.com,+55 (788) 574-1021
344,Аристарх,Корнилов,2020-07-11,1961-07-29,3.2,17666.0,btunaclift9j@gizmodo.com,+351 (246) 146-3259
345,Андрон,Кабанов,2019-05-21,1968-02-23,1.9,22964.0,tfosbraey9k@newsvine.com,+54 (660) 409-7904
346,Лавр,Пахомов,2015-11-01,1984-09-11,3.7,15442.0,ghesser9l@abc.net.au,+420 (679) 628-9510
347,Фортунат,Мельников,2016-06-20,1998-10-21,2.2,27485.0,nhazel9m@narod.ru,+48 (171) 349-6591
348,Майя,Гришина,2018-01-07,2000-01-08,2.0,22004.0,rissakov9n@purevolume.com,+62 (509) 571-4710
349,Эрнст,Колесников,2015-11-20,1995-06-03,3.7,15157.0,fgrummitt9o@sakura.ne.jp,+55 (194) 293-8324
350,Эмма,Михеева,2016-10-20,1962-12-04,4.6,15103.0,mhuffey9p@amazon.com,+62 (885) 345-0570
351,Клара,Галкина,2020-02-28,1989-10-28,2.6,23304.0,lorodane9q@usgs.gov,+86 (881) 576-7707
352,Всемил,Исаков,2020-12-04,2001-04-27,2.8,22904.0,ghutsby9r@kickstarter.com,+86 (860) 793-4708
353,Фотий,Шубин,2016-02-18,2001-08-21,2.3,26896.0,drobeiro9s@gravatar.com,+57 (390) 886-3604
354,Ангелина,Чернова,2019-01-28,2003-05-25,4.9,28842.0,fnicholas9t@mozilla.com,+389 (593) 277-9873
355,Владлена,Юдина,2018-08-21,1972-06-05,2.6,26517.0,rpranger9u@google.com.au,+86 (842) 786-4532
356,Вышеслав,Тетерин,2021-01-01,1993-07-27,0.7,19510.0,jfarrah9v@columbia.edu,+86 (952) 520-9260
357,Дорофей,Агафонов,2021-08-04,1969-10-04,4.9,26413.0,lpavel9w@sphinn.com,+352 (354) 506-7538
358,Пелагея,Голубева,2020-12-17,1998-11-23,2.4,18633.0,nfarndale9x@shareasale.com,+595 (390) 178-9950
359,Любомира,Давыдова,2020-06-21,1998-11-24,3.5,23101.0,ocastillou9y@privacy.gov.au,+54 (115) 978-9374
360,Денис,Баранов,2018-12-06,1977-01-17,0.8,19693.0,tblaes9z@nhs.uk,+420 (963) 156-3640
361,Евгений,Федосеев,2017-08-09,1974-12-18,3.0,21200.0,cnajafiana0@ibm.com,+353 (264) 468-8151
362,Аскольд,Симонов,2016-05-30,1971-07-05,2.7,20479.0,oflauniera1@blog.com,+86 (560) 694-1588
363,Жанна,Логинова,2017-05-18,2002-02-11,3.4,18311.0,dollcotta2@so-net.ne.jp,+351 (858) 509-7641
364,Мокей,Сысоев,2017-10-09,1985-12-09,3.6,27956.0,hrudwella3@drupal.org,+62 (517) 122-6794
365,Лилия,Никонова,2019-07-04,1997-03-28,2.0,22033.0,ashatforda4@umich.edu,+7 (489) 832-3808
366,Галя,Белозёрова,2019-09-25,1971-04-16,3.5,24811.0,bjurkowskia5@uol.com.br,+81 (371) 635-1174
367,Сусанна,Бурова,2016-11-14,1979-09-03,3.0,21891.0,emacnamaraa6@wsj.com,+251 (750) 183-6300
368,Тарас,Мамонтов,2017-09-28,1986-11-20,1.1,21548.0,cpatkina7@bbb.org,+52 (118) 357-5728
369,Ангелина,Гришина,2021-05-21,1992-06-04,3.3,26025.0,aelcomba8@cisco.com,+46 (768) 873-2704
370,Гедеон,Артемьев,2019-05-13,1981-12-21,4.8,27511.0,eogarmena9@w3.org,+86 (724) 849-3994
371,Борислав,Новиков,2015-10-10,1993-02-01,1.4,23857.0,fwytheaa@geocities.jp,+33 (425) 101-9503
372,Марк,Калашников,2020-03-30,1983-03-05,3.1,29757.0,gsurgoodab@tinyurl.com,+86 (992) 955-2186
373,Валерьян,Никифоров,2019-08-18,1976-08-25,2.6,25357.0,rmackieac@bandcamp.com,+62 (131) 913-7157
374,Ефим,Матвеев,2019-01-13,2001-09-02,0.8,16004.0,ttenchad@last.fm,+86 (718) 236-3799
375,Прасковья,Кудрявцева,2017-03-26,1973-02-28,0.5,29165.0,kcolletonae@jalbum.net,+7 (754) 647-6175
376,Августа,Александрова,2019-11-21,1984-03-26,4.5,22066.0,skmentaf@youtu.be,+63 (491) 109-8220
377,Валерьян,Юдин,2015-11-09,1963-08-02,4.6,19191.0,bbeaulyag@dot.gov,+351 (205) 953-3644
378,Вениамин,Хохлов,2017-09-04,1995-07-30,4.9,27848.0,friemeah@google.co.uk,+54 (671) 554-6918
379,Евгений,Яковлев,2016-01-23,1992-08-14,1.1,21252.0,lzamoraai@about.com,+220 (781) 953-4650
380,Алина,Рогова,2018-12-27,1973-08-03,0.1,23076.0,aboleynaj@toplist.cz,+1 (415) 992-8897
381,Максим,Самсонов,2020-05-15,1993-02-14,2.7,23376.0,fjirickaak@wordpress.com,+62 (134) 537-0052
382,Лидия,Емельянова,2016-06-28,2000-04-11,3.3,19688.0,sdelacoteal@infoseek.co.jp,+7 (439) 807-7193
383,Савватий,Архипов,2016-01-03,1985-05-10,0.5,26946.0,umirrallsam@so-net.ne.jp,+7 (167) 463-7666
384,Степанида,Кошелева,2017-11-11,1976-10-25,2.6,29076.0,mlenoiran@webmd.com,+62 (774) 554-3187
385,Евлампия,Меркушева,2020-10-12,1962-08-02,1.5,26197.0,shyndsonao@theatlantic.com,+7 (772) 859-7974
386,Всеслав,Тихонов,2020-10-04,1993-10-20,2.7,17968.0,rbichardap@netvibes.com,+374 (374) 928-2414
387,Саломея,Васильева,2017-03-12,2003-03-13,1.8,15588.0,ckirkmanaq@berkeley.edu,+66 (775) 857-5229
388,Анисим,Рожков,2017-06-25,1993-02-06,3.3,25771.0,fromkear@state.gov,+355 (525) 990-4250
389,Герасим,Князев,2015-09-20,2000-08-01,1.6,29919.0,cnorthwayas@icq.com,+353 (274) 544-5655
390,Леокадия,Васильева,2019-10-03,1991-05-18,4.7,23619.0,hvolkesat@blinklist.com,+56 (813) 691-7241
391,Кирилл,Горбачёв,2016-03-14,1982-05-01,4.4,26365.0,twelshau@moonfruit.com,+55 (160) 976-0948
392,Лаврентий,Белозёров,2020-07-27,2000-03-21,2.2,26795.0,dlettyav@angelfire.com,+420 (897) 815-7954
393,Анатолий,Елисеев,2020-11-04,1965-09-06,0.3,22824.0,lsouthwoodaw@auda.org.au,+1 (260) 433-2002
394,Кузьма,Борисов,2020-10-23,1977-11-24,1.6,22304.0,afosterax@mail.ru,+33 (418) 947-6749
395,Иларион,Ларионов,2016-04-21,1963-02-08,0.8,20303.0,isamteray@statcounter.com,+55 (229) 748-9852
396,Светлана,Данилова,2020-08-30,1996-11-16,1.4,26254.0,mbraundsaz@latimes.com,+503 (468) 946-0818
397,Тамара,Воробьёва,2021-06-13,1970-11-22,3.2,29687.0,edallistonb0@wunderground.com,+86 (926) 293-1416
398,Севастьян,Носков,2021-07-24,1980-08-19,4.1,20123.0,dmccromleyb1@mapy.cz,+86 (583) 451-5981
399,Викентий,Исаков,2017-03-10,1990-07-31,4.2,29198.0,kbeinischb2@w3.org,+86 (521) 169-3295
400,Аглая,Медведева,2017-08-11,1987-09-10,1.5,15519.0,mlaurentb3@stumbleupon.com,+86 (305) 946-3192
401,Савватий,Лихачёв,2018-08-02,1992-05-30,0.7,17784.0,kshirlawb4@yahoo.co.jp,+86 (644) 291-6024
402,Борис,Григорьев,2017-03-02,1996-03-08,3.0,25050.0,amcfaellb5@fotki.com,+63 (399) 233-5642
403,Фаина,Соловьёва,2016-11-09,1966-06-12,0.5,16013.0,csetchfieldb6@newyorker.com,+7 (712) 219-8120
404,Лия,Бирюкова,2020-07-19,1962-10-26,0.3,29734.0,mbernadotb7@squidoo.com,+62 (308) 403-8438
405,Селиван,Кузьмин,2020-11-11,1974-09-02,2.0,23824.0,pgolagleyb8@163.com,+218 (912) 943-1507
406,Афиноген,Цветков,2020-05-06,1985-09-02,0.9,24120.0,holekb9@symantec.com,+86 (595) 803-2305
407,Октябрина,Ершова,2019-08-02,1980-12-04,4.5,24391.0,egifkinsba@bravesites.com,+1 (402) 843-5954
408,Мира,Громова,2018-07-15,1970-07-29,0.9,23551.0,bkeppebb@blogger.com,+357 (383) 175-9496
409,Ганна,Казакова,2016-03-18,1997-03-03,0.6,18250.0,mgutcherbc@addtoany.com,+55 (496) 413-9696
410,Юрий,Зуев,2015-11-06,1964-06-17,4.7,20014.0,sschulkinsbd@themeforest.net,+53 (148) 416-4073
411,Евграф,Муравьёв,2019-03-11,1982-12-21,1.0,27781.0,tmoyesbe@webmd.com,+27 (667) 434-6192
412,Млада,Максимова,2020-06-15,1983-04-29,2.9,26063.0,etomkowiczbf@tamu.edu,+48 (340) 392-2118
413,Ипполит,Панфилов,2019-03-30,1983-05-24,3.9,20542.0,rrooksbybg@pagesperso-orange.fr,+62 (411) 492-3414
414,Аркадий,Афанасьев,2016-01-06,1990-03-13,4.5,24078.0,chumbeybh@deviantart.com,+86 (962) 528-3850
415,Гордей,Уваров,2016-02-23,1965-11-03,5.0,20540.0,cjirasekbi@edublogs.org,+81 (919) 862-6203
416,Нинель,Рогова,2019-09-16,1985-05-27,1.4,16392.0,ahalpenbj@house.gov,+680 (115) 779-0109
417,Борислав,Соловьёв,2021-02-12,1983-12-12,1.1,20420.0,damberbk@barnesandnoble.com,+1 (813) 498-0091
418,Лидия,Белова,2020-10-22,1967-02-04,2.8,24631.0,gclayillbl@bandcamp.com,+33 (732) 731-4366
419,Таисия,Суханова,2021-05-04,1969-08-17,4.0,16606.0,lhubbisbm@dropbox.com,+52 (908) 349-6066
420,Рената,Виноградова,2015-09-13,1961-06-19,0.4,22762.0,hjoplinbn@jimdo.com,+7 (730) 120-0744
421,Ирина,Захарова,2020-05-13,1997-02-03,0.4,22114.0,nknappbo@youtube.com,+55 (958) 967-8556
422,Альбина,Моисеева,2015-10-27,1961-11-20,3.6,16419.0,mburburoughbp@bloglovin.com,+62 (242) 828-3988
423,Нестор,Игнатов,2019-06-29,1977-06-15,4.1,28188.0,brasorbq@twitter.com,+1 (922) 221-5518
424,Анатолий,Егоров,2018-01-25,1962-08-19,3.9,23592.0,slabuschagnebr@bbc.co.uk,+420 (945) 900-6888
425,Диана,Евсеева,2016-04-21,1972-08-10,2.3,18416.0,lgolagleybs@opensource.org,+62 (507) 365-2610
426,Прокофий,Цветков,2021-02-22,2002-09-14,4.5,24933.0,ckeatchbt@skype.com,+420 (462) 849-8648
427,Берта,Тихонова,2016-05-05,1991-01-08,2.3,15875.0,bclayworthbu@state.tx.us,+976 (603) 591-7512
428,Климент,Ермаков,2019-04-16,1984-01-12,3.3,26503.0,mgittisbv@pbs.org,+54 (128) 159-1716
429,Викторина,Пестова,2021-03-08,1987-05-13,2.4,16333.0,jlangabeerbw@odnoklassniki.ru,+7 (736) 331-1664
430,Марианна,Гурьева,2016-12-17,1972-03-22,1.7,24162.0,ojaimebx@hud.gov,+81 (298) 249-4537
431,Ананий,Тихонов,2020-03-16,1964-04-05,0.8,17073.0,jpayleby@issuu.com,+86 (959) 646-0695
432,Якуб,Евсеев,2018-04-04,1965-05-03,4.1,18471.0,ltiddemanbz@harvard.edu,+976 (659) 982-9139
433,Ангелина,Петрова,2016-12-22,1995-07-24,0.9,20301.0,ddecourtc0@time.com,+381 (887) 114-6519
434,Мстислава,Костина,2017-02-28,1976-12-31,3.2,25493.0,dludlammec1@house.gov,+86 (119) 587-4481
435,Мелитриса,Абрамова,2019-11-17,1999-06-08,2.5,29845.0,dgravellsc2@springer.com,+7 (302) 321-3352
436,Сократ,Фадеев,2019-11-01,2000-04-05,2.6,16246.0,ktregeac3@merriam-webster.com,+358 (352) 810-1912
437,Надежда,Сидорова,2016-01-19,2000-01-16,0.4,28395.0,jtebbitc4@sciencedirect.com,+81 (697) 458-8329
438,Януарий,Орлов,2017-05-21,1997-09-14,3.6,27749.0,jmorfeyc5@vinaora.com,+86 (754) 643-9962
439,Николай,Богданов,2016-02-07,1976-07-26,2.2,24496.0,lbrownsteinc6@is.gd,+63 (424) 252-0414
440,Спиридон,Журавлёв,2016-01-12,1968-02-26,3.5,20501.0,cmatschossc7@illinois.edu,+86 (327) 266-4283
441,Ратибор,Лукин,2017-08-16,1991-05-21,2.4,15175.0,givashinnikovc8@go.com,+86 (991) 788-4038
442,Октябрина,Авдеева,2020-03-07,2001-04-30,4.7,28330.0,atoynbeec9@google.it,+1 (786) 626-0316
443,Галя,Кудряшова,2020-09-30,1978-12-20,4.5,23686.0,dvassieca@mayoclinic.com,+244 (386) 392-9314
444,Сергей,Суворов,2019-08-11,1976-08-22,3.7,16631.0,ecaselickcb@arizona.edu,+98 (334) 428-5347
445,Константин,Ларионов,2017-10-18,1984-05-01,1.2,27739.0,aburdcc@google.it,+234 (863) 804-0877
446,Леокадия,Родионова,2016-12-01,1993-04-09,0.0,15337.0,rjaeggicd@github.com,+86 (868) 970-7033
447,Дмитрий,Комиссаров,2019-06-03,1963-07-20,2.3,28473.0,dkryszkace@jugem.jp,+86 (415) 181-1805
448,Конкордия,Зимина,2017-05-11,1986-04-25,3.7,15896.0,lchalliscf@topsy.com,+86 (118) 578-1266
449,Лия,Дьячкова,2021-04-28,1988-03-21,2.0,24311.0,csyrettcg@japanpost.jp,+33 (771) 844-7651
450,Алиса,Кудрявцева,2015-12-23,1978-01-20,3.1,18722.0,sanshellch@reddit.com,+86 (283) 670-7346
451,Никандр,Максимов,2017-03-23,2002-04-04,2.4,21481.0,cbennisonci@cpanel.net,+86 (636) 214-5763
452,Лука,Хохлов,2020-02-24,1978-03-04,1.5,26923.0,lmartignoncj@samsung.com,+81 (519) 786-4280
453,Диана,Жданова,2021-01-16,1996-01-22,3.5,18827.0,asaxonck@nsw.gov.au,+1 (254) 502-3292
454,Роман,Зимин,2019-06-30,2003-04-05,0.6,29558.0,equantickcl@delicious.com,+62 (392) 827-0050
455,Болеслав,Абрамов,2019-10-31,1995-10-17,2.1,21447.0,cbalsercm@elpais.com,+351 (716) 518-7873
456,Клеопатра,Третьякова,2019-04-26,1981-02-20,2.5,28139.0,rfumagallcn@desdev.cn,+7 (275) 789-1628
457,Трифон,Иванов,2019-12-25,1966-10-04,1.5,28626.0,mthongerco@canalblog.com,+52 (669) 434-2134
458,Адриан,Шарапов,2015-09-11,1990-09-23,3.5,26117.0,dgordongilescp@ifeng.com,+63 (286) 393-1460
459,Изольда,Авдеева,2016-04-05,1971-03-01,2.5,15629.0,adingsdalecq@chicagotribune.com,+51 (305) 315-5635
460,Никодим,Агафонов,2021-07-19,1998-03-20,4.8,15882.0,dsangercr@dyndns.org,+372 (156) 852-3453
461,Пелагея,Молчанова,2021-08-04,1964-10-01,4.0,26245.0,daggottcs@unicef.org,+964 (965) 919-8811
462,Мира,Воронцова,2021-05-09,1963-01-14,0.7,29184.0,nmcalesterct@com.com,+502 (123) 410-4516
463,Капитолина,Денисова,2017-08-09,1975-02-16,1.1,22844.0,mgumarycu@gnu.org,+86 (153) 312-3940
464,Сигизмунд,Меркушев,2016-04-02,1964-02-12,1.8,26476.0,sbromeheadcv@tripadvisor.com,+47 (818) 716-6692
465,Валерий,Большаков,2021-03-07,2000-04-27,2.4,21414.0,pgladdincw@vistaprint.com,+66 (521) 450-3184
466,Карл,Богданов,2020-08-08,1999-02-14,0.7,15074.0,ccoulthardcx@ucsd.edu,+970 (269) 634-9852
467,Эмиль,Александров,2016-04-29,1986-10-09,0.9,21982.0,ofickcy@webmd.com,+27 (845) 902-5927
468,Элеонора,Кузнецова,2015-11-14,1966-01-07,5.0,21401.0,afostoncz@salon.com,+355 (203) 583-0966
469,Мариетта,Кошелева,2017-08-15,1961-04-25,2.7,15982.0,cbrosolid0@dagondesign.com,+86 (417) 276-6730
470,Конон,Большаков,2019-07-18,1980-10-24,3.0,22653.0,abollond1@ning.com,+57 (274) 729-2384
471,Самсон,Доронин,2020-05-12,1995-12-25,3.2,19712.0,mmeridad2@ted.com,+353 (605) 907-4839
472,Власта,Горбачёва,2017-08-31,1970-12-02,4.2,21240.0,tskilld3@opera.com,+62 (923) 607-8074
473,Митофан,Суворов,2018-03-14,1999-01-18,1.6,17743.0,ldobkind4@delicious.com,+86 (955) 438-4487
474,Богдан,Харитонов,2021-03-06,1990-12-22,2.3,19646.0,apyerd5@un.org,+86 (267) 485-4624
475,Гаврила,Одинцов,2016-10-17,1989-02-11,1.4,29486.0,alambirdd6@umich.edu,+81 (393) 936-4150
476,Гедеон,Куликов,2018-08-08,1991-10-28,0.9,25598.0,cquinnetd7@abc.net.au,+46 (370) 962-8831
477,Мирон,Морозов,2017-08-03,1964-07-24,1.4,26067.0,sclissoldd8@ebay.com,+62 (192) 525-9541
478,Клеопатра,Блинова,2020-10-04,1991-07-12,3.7,17244.0,colennikovd9@histats.com,+1 (608) 196-2069
479,Ипат,Гуляев,2019-10-21,1964-12-25,0.0,19748.0,gcorbishleyda@ebay.com,+880 (872) 615-4585
480,Сильвия,Котова,2016-06-10,1972-10-19,3.0,16445.0,cwinkworthdb@facebook.com,+98 (585) 137-6001
481,Гостомысл,Козлов,2018-05-20,1979-11-24,3.2,18621.0,ttrembletdc@washington.edu,+7 (842) 747-3048
482,Людмила,Семёнова,2016-02-20,1995-05-04,2.3,27084.0,zmilmoredd@ameblo.jp,+7 (353) 157-6752
483,Ерофей,Колобов,2020-02-24,1997-10-02,3.4,25047.0,chardagede@t.co,+7 (229) 640-8057
484,Сидор,Селезнёв,2016-12-23,1997-05-20,2.2,22031.0,cburnselldf@printfriendly.com,+81 (712) 539-1909
485,Федор,Гришин,2020-12-18,1985-01-21,2.9,18854.0,rmalinowskidg@cyberchimps.com,+1 (506) 323-2255
486,Стела,Архипова,2016-11-08,2002-02-28,4.8,17853.0,hmccurriedh@nps.gov,+233 (530) 962-5234
487,Савелий,Гаврилов,2016-03-13,1961-03-27,3.9,17818.0,bblumiredi@pagesperso-orange.fr,+62 (626) 254-2963
488,Марта,Зыкова,2019-08-22,1987-11-04,3.5,18099.0,ashoppeedj@nyu.edu,+86 (290) 340-6294
489,Октябрина,Миронова,2020-05-28,1974-01-03,2.1,22248.0,qswetmandk@comcast.net,+598 (615) 705-4265
490,Егор,Уваров,2019-06-08,1964-03-02,3.6,21983.0,jeggardl@zdnet.com,+86 (373) 596-0249
491,Селиван,Новиков,2016-07-11,2000-06-10,2.2,27081.0,iocahernydm@state.gov,+351 (593) 909-4266
492,Ариадна,Мишина,2018-08-05,1999-10-08,0.0,18472.0,zsickertdn@pbs.org,+86 (502) 884-4002
493,Евгений,Гурьев,2020-02-22,2001-04-06,5.0,29463.0,bgoningdo@ocn.ne.jp,+63 (897) 977-8592
494,Самсон,Гаврилов,2016-04-23,1983-07-01,1.4,26146.0,ostollbergdp@merriam-webster.com,+880 (610) 822-1074
495,Игнатий,Костин,2019-12-07,1967-09-18,1.5,16255.0,achesswasdq@dmoz.org,+81 (134) 587-0762
496,Клара,Сергеева,2018-01-05,1989-04-24,3.5,24336.0,ayarringtondr@nps.gov,+993 (717) 227-0460
497,Эмилия,Ширяева,2019-12-13,1986-03-22,3.5,17191.0,ngooldingds@ucla.edu,+381 (140) 544-1959
498,Тит,Родионов,2020-06-19,1981-01-05,4.0,25900.0,vringrosedt@mapquest.com,+7 (135) 830-7517
499,Аделаида,Цветкова,2019-05-13,1970-07-21,1.8,25750.0,mzanottidu@admin.ch,+86 (251) 918-9675
500,Зоя,Гурьева,2020-03-30,1997-06-29,2.8,18040.0,llakedv@va.gov,+48 (279) 962-5943
501,Селиван,Анисимов,2015-11-12,1992-01-02,3.3,24983.0,adomercdw@microsoft.com,+7 (301) 587-3345
502,Любовь,Костина,2016-12-04,1987-12-17,3.8,24216.0,zsteadmandx@weather.com,+62 (553) 492-3175
503,Федот,Константинов,2020-07-07,1986-09-23,0.6,23927.0,sfyldesdy@newyorker.com,+20 (984) 874-5243
504,Наталья,Сысоева,2017-10-18,1995-09-13,0.7,28800.0,wfishbydz@yandex.ru,+33 (623) 965-6933
505,Глеб,Беляков,2021-04-25,1969-02-27,4.8,21434.0,pbrewere0@cornell.edu,+964 (198) 403-0978
506,Глафира,Смирнова,2018-11-02,1975-07-20,4.8,15742.0,edransfielde1@smugmug.com,+86 (318) 320-3977
507,Инесса,Маркова,2017-12-12,1964-04-01,0.7,18159.0,cgiorgiettoe2@odnoklassniki.ru,+63 (105) 765-9513
508,Октябрина,Федотова,2021-08-11,1990-12-07,0.8,21631.0,kpackere3@cnbc.com,+593 (556) 123-1334
509,Архип,Константинов,2017-11-05,1997-02-02,3.8,19923.0,cmckleode4@berkeley.edu,+98 (814) 575-9249
510,Вадим,Смирнов,2020-12-28,1992-05-02,1.8,15514.0,fmarchante5@earthlink.net,+82 (979) 225-0157
511,Гаврила,Пахомов,2019-02-07,1988-04-29,2.6,20775.0,dhughese6@apache.org,+381 (276) 243-6578
512,Кира,Горбунова,2017-07-01,1992-01-11,2.3,24569.0,llucye7@opensource.org,+51 (796) 516-0145
513,Домна,Кудряшова,2019-07-26,1988-08-23,0.8,29219.0,dquidenhame8@webeden.co.uk,+30 (441) 614-6336
514,Регина,Романова,2021-02-28,1964-06-13,1.3,17917.0,opetrenkoe9@umich.edu,+49 (793) 334-5681
515,Борис,Лазарев,2019-07-14,1981-01-02,4.0,27725.0,lpetrulisea@thetimes.co.uk,+380 (261) 449-9035
516,Сидор,Герасимов,2015-10-05,1965-01-01,3.3,28078.0,rmcfadeeb@yahoo.com,+55 (499) 304-2483
517,Лазарь,Горбачёв,2015-10-12,1963-11-22,2.6,26103.0,ktuplinec@webeden.co.uk,+62 (102) 613-8281
518,Горислава,Красильникова,2021-02-11,1969-07-16,3.4,29025.0,cperrised@spiegel.de,+63 (604) 923-4089
519,Гурий,Кулагин,2020-07-23,1972-06-24,3.8,27324.0,cbottlestoneee@tmall.com,+60 (907) 182-7718
520,Сидор,Моисеев,2015-12-06,1974-04-29,2.6,19911.0,vkornasef@boston.com,+420 (861) 354-6254
521,Клеопатра,Князева,2020-11-17,1970-01-11,1.4,21418.0,baizkovitcheg@va.gov,+30 (671) 743-9379
522,Флорентин,Дроздов,2017-12-14,1966-09-26,1.7,23492.0,dlillieeh@webnode.com,+86 (332) 657-8969
523,Никифор,Фадеев,2018-03-02,1964-02-26,3.0,25426.0,spykettei@ameblo.jp,+86 (449) 357-4116
524,Аполлинария,Абрамова,2020-06-13,1988-06-06,0.9,24932.0,ealcockej@vimeo.com,+62 (451) 868-4429
525,Чеслав,Мясников,2021-05-02,1964-07-28,2.4,21751.0,prichtenek@ebay.co.uk,+994 (384) 279-0031
526,Фортунат,Блинов,2017-04-25,1971-10-08,0.2,24745.0,ldraytonel@google.pl,+86 (158) 971-1564
527,Муза,Калинина,2021-04-29,1994-05-30,0.3,26588.0,nmcgeouchem@salon.com,+58 (692) 423-1020
528,Андрон,Колобов,2016-04-12,2002-04-23,0.7,18417.0,tiacovielloen@go.com,+86 (318) 921-8633
529,Ладислав,Лыткин,2018-01-12,1989-04-16,3.0,20224.0,dattoneo@foxnews.com,+86 (660) 541-5969
530,Никодим,Кузнецов,2017-10-11,1980-02-16,1.3,25724.0,awhitcombeep@feedburner.com,+62 (314) 349-5312
531,Владимир,Ефремов,2017-09-30,1963-05-25,2.1,26746.0,hdebiasieq@github.io,+86 (381) 888-6044
532,Оксана,Суворова,2016-07-18,1987-12-30,0.4,23562.0,wcurrorer@drupal.org,+48 (274) 390-9014
533,Радим,Юдин,2017-05-17,1997-01-03,1.8,23691.0,rofieldes@addthis.com,+55 (200) 693-6007
534,Амос,Кузьмин,2017-08-03,1995-06-22,4.6,18206.0,bfransinelliet@newsvine.com,+66 (718) 356-2993
535,Альбина,Королёва,2020-11-06,1996-05-22,0.3,16808.0,ncoultardeu@java.com,+62 (659) 871-2856
536,Марта,Брагина,2018-11-17,1968-12-08,0.6,21807.0,rcolliberev@4shared.com,+970 (904) 537-9781
537,Ипат,Тимофеев,2020-05-20,1987-01-16,0.5,24164.0,mtrevearew@ustream.tv,+7 (222) 840-3585
538,Млада,Суханова,2019-01-29,1975-11-26,4.1,19901.0,sgleyex@artisteer.com,+81 (702) 549-2255
539,Анисим,Крюков,2021-06-30,1983-03-30,5.0,23569.0,tmathewsoney@w3.org,+234 (386) 601-2991
540,Ванда,Ермакова,2017-08-03,1978-12-19,1.1,17902.0,acammisez@wufoo.com,+62 (464) 671-8370
541,Раиса,Брагина,2018-01-08,1993-08-12,1.7,15878.0,bsimpolef0@bandcamp.com,+33 (527) 315-3214
542,Архип,Александров,2020-09-17,1985-03-30,3.2,28724.0,choytef1@va.gov,+7 (680) 412-2384
543,Агафья,Рыбакова,2017-02-25,1986-07-18,1.2,29942.0,blandsboroughf2@bluehost.com,+86 (695) 476-0211
544,Валерий,Исаков,2017-05-02,1964-07-07,4.0,20971.0,skinchf3@bbc.co.uk,+62 (664) 841-4479
545,Филимон,Прохоров,2019-03-16,1964-03-23,4.1,21693.0,henstenf4@w3.org,+351 (231) 547-6779
546,Лонгин,Гурьев,2017-02-26,1994-10-15,1.3,16610.0,cprestigef5@senate.gov,+216 (809) 320-0817
547,Автоном,Пономарёв,2017-07-13,1978-07-17,4.0,23907.0,rriedelf6@lulu.com,+86 (162) 920-3339
548,Светозар,Пестов,2016-07-05,1973-07-17,1.8,21486.0,lredmiref7@eepurl.com,+86 (680) 939-6720
549,Рената,Блохина,2018-08-13,1971-06-10,5.0,19392.0,rmcatamneyf8@diigo.com,+52 (929) 744-6229
550,Касьян,Панов,2020-01-09,1999-05-16,2.8,17241.0,akilleleaf9@nps.gov,+976 (471) 371-9011
551,Герман,Шарапов,2021-04-07,1993-10-24,0.1,21587.0,evillafa@canalblog.com,+48 (392) 746-7659
552,Клавдия,Дьячкова,2019-10-01,1996-03-26,3.5,23815.0,lmacgregorfb@nasa.gov,+963 (979) 362-6243
553,Силантий,Хохлов,2020-03-25,1971-02-01,1.4,18935.0,dllewelynfc@theatlantic.com,+55 (361) 592-1888
554,Прокофий,Муравьёв,2017-11-18,2002-07-07,1.3,24594.0,lpetryfd@va.gov,+30 (250) 512-6993
555,Викентий,Аксёнов,2019-04-21,1980-08-18,4.0,16197.0,srudeyeardfe@seattletimes.com,+86 (901) 466-1803
556,Варвара,Новикова,2017-12-01,2000-11-08,1.3,24508.0,bleaskff@google.com.br,+380 (944) 904-1293
557,Харитина,Сидорова,2019-07-14,1964-05-08,3.0,23232.0,pwrathmellfg@scientificamerican.com,+381 (286) 448-8045
558,Зиновий,Иванов,2020-04-20,1993-01-18,1.1,27659.0,greddellfh@wunderground.com,+7 (309) 378-3268
559,Степанида,Игнатьева,2019-07-29,1983-04-05,2.0,29358.0,bdelahayfi@auda.org.au,+1 (698) 239-1221
560,Лиана,Кабанова,2020-04-12,1992-07-30,2.7,27308.0,gfitzerfj@discovery.com,+267 (140) 684-3296
561,Януарий,Кононов,2017-03-24,1983-09-25,3.0,15318.0,epiatkowfk@twitter.com,+33 (129) 792-5569
562,Нина,Емельянова,2018-06-10,1988-05-06,1.4,27480.0,dcamolettofl@canalblog.com,+383 (663) 239-6579
563,Марина,Голубева,2018-02-10,1991-12-04,1.1,15127.0,obransomfm@networksolutions.com,+86 (854) 643-2416
564,Мокей,Уваров,2021-07-30,1993-03-17,2.1,24163.0,lfiskfn@freewebs.com,+689 (401) 526-7115
565,Георгий,Самсонов,2019-12-02,1965-10-12,3.3,15373.0,osnufflebottomfo@tumblr.com,+7 (162) 362-9293
566,Дина,Кудряшова,2018-08-22,1974-08-15,0.7,19547.0,cdignonfp@delicious.com,+63 (718) 379-0296
567,Серафима,Мельникова,2020-07-28,1971-02-03,4.8,15524.0,graoulfq@chicagotribune.com,+86 (661) 344-1268
568,Ксения,Карпова,2016-03-07,1973-10-05,0.1,16329.0,iseymerfr@mapquest.com,+351 (672) 661-5173
569,Эрнст,Ильин,2015-09-16,1988-06-23,2.2,17106.0,bsulterfs@homestead.com,+595 (274) 875-7516
570,Епифан,Сергеев,2021-07-15,1972-04-02,4.2,21975.0,llibbyft@kickstarter.com,+7 (973) 162-2611
571,Эммануил,Максимов,2015-11-05,1971-04-22,3.5,27214.0,bstirzakerfu@cam.ac.uk,+7 (856) 334-5479
572,Рената,Колобова,2015-11-11,2003-05-01,0.5,24945.0,lmeiklemfv@google.ru,+49 (533) 504-6979
573,Остромир,Лебедев,2019-05-26,2000-02-14,1.8,25273.0,lshorefw@google.ru,+66 (732) 855-6965
574,Лидия,Князева,2017-02-04,1998-02-26,2.9,25298.0,cnorssisterfx@dropbox.com,+57 (266) 257-7183
575,Осип,Бирюков,2020-02-16,1974-10-26,4.3,28963.0,bwaldingfy@exblog.jp,+81 (931) 549-4708
576,Януарий,Родионов,2015-09-15,1982-05-17,1.6,20137.0,lgoodacrefz@artisteer.com,+212 (608) 436-4732
577,Елизар,Баранов,2019-07-23,1985-10-20,0.9,20273.0,bkerwing0@google.ca,+86 (106) 222-7619
578,Калерия,Савельева,2019-02-15,1961-02-10,0.6,26307.0,ssturmang1@noaa.gov,+86 (129) 196-3456
579,Инна,Ильина,2018-12-18,1982-04-18,3.2,18960.0,calboneg2@g.co,+86 (792) 445-0129
580,Автоном,Тетерин,2015-10-20,1963-06-27,4.3,17248.0,rhaigg3@google.es,+57 (539) 889-6682
581,Парфен,Васильев,2020-01-02,1995-03-23,2.4,20046.0,abedhamg4@php.net,+48 (502) 212-2199
582,Симон,Орехов,2019-05-29,1967-11-21,2.2,28876.0,akroing5@istockphoto.com,+255 (422) 311-8232
583,Всеслава,Григорьева,2015-10-15,1997-04-29,2.0,17436.0,dbeacroftg6@joomla.org,+967 (259) 841-3751
584,Владлена,Рыбакова,2017-03-09,1980-04-04,4.1,20577.0,gcrowdg7@over-blog.com,+30 (442) 571-2904
585,Елисей,Петухов,2018-07-03,1978-06-07,1.5,22642.0,fitzkovg8@google.co.uk,+880 (734) 479-5432
586,Раиса,Абрамова,2018-01-26,1966-04-06,1.5,20718.0,kchesmang9@nhs.uk,+62 (689) 528-2448
587,Эммануил,Тетерин,2017-01-27,1982-03-23,1.4,27479.0,sbodkerga@reverbnation.com,+86 (430) 100-6907
588,Мартын,Артемьев,2017-03-11,1998-05-05,4.9,29097.0,chumbiegb@meetup.com,+420 (181) 443-6368
589,Вероника,Попова,2020-09-19,1969-10-19,0.5,18006.0,sinsollgc@friendfeed.com,+86 (850) 865-5763
590,Эльвира,Шестакова,2020-09-07,1970-01-06,1.1,20498.0,spaulinggd@aol.com,+46 (552) 723-9961
591,Ипполит,Муравьёв,2017-04-15,1993-08-14,0.2,24404.0,jmcshanege@youtube.com,+33 (559) 923-5283
592,Филипп,Родионов,2018-12-15,1964-04-12,3.2,29229.0,elillimangf@eventbrite.com,+7 (260) 275-4896
593,Алла,Зимина,2016-02-10,1991-11-26,0.2,26938.0,njorgegg@tinypic.com,+420 (480) 519-5674
594,Аггей,Гуляев,2019-03-31,1976-04-29,2.4,28518.0,wgamilgh@ehow.com,+506 (729) 627-5550
595,Евсей,Давыдов,2020-09-22,1985-09-16,1.7,27970.0,dnichegi@oaic.gov.au,+7 (517) 616-3573
596,Дарья,Комарова,2019-03-26,1977-07-22,1.5,16843.0,mcorlettgj@earthlink.net,+358 (292) 488-5649
597,Генриетта,Абрамова,2021-02-12,2001-02-06,0.5,22457.0,sdomeneygk@hc360.com,+46 (129) 730-4197
598,Феофан,Гусев,2017-04-27,1971-08-19,3.5,28457.0,sharpergl@github.com,+62 (363) 517-3656
599,Клавдия,Фёдорова,2018-10-09,1980-06-09,2.5,17511.0,jgladbeckgm@blogtalkradio.com,+63 (722) 960-7068
600,Рубен,Исаков,2020-12-14,1995-10-26,5.0,29147.0,dphilpottgn@amazon.co.jp,+62 (819) 802-5099
601,Ермолай,Пономарёв,2020-03-14,1963-10-18,1.2,21156.0,lalldaygo@nbcnews.com,+86 (805) 348-1150
602,Христофор,Моисеев,2018-06-29,1994-09-24,2.8,28689.0,gwagstaffegp@google.ca,+62 (526) 493-7391
603,Дарья,Лапина,2016-05-23,1997-04-10,3.8,28650.0,jwallgq@creativecommons.org,+57 (507) 932-4510
604,Ратибор,Сорокин,2016-12-06,1965-01-19,0.8,21906.0,bcolmangr@miibeian.gov.cn,+1 (205) 978-8962
605,Капитон,Титов,2016-06-03,2003-07-08,5.0,20144.0,sfrushardgs@salon.com,+7 (876) 541-0609
606,Виктор,Степанов,2021-02-07,1970-04-11,0.4,20272.0,npettifergt@admin.ch,+1 (773) 663-0201
607,Сидор,Пономарёв,2020-07-19,1995-06-05,3.6,16762.0,dmorfellgu@hhs.gov,+256 (638) 694-6180
608,Будимир,Алексеев,2020-08-11,1988-04-21,1.1,26006.0,mkarppigv@opensource.org,+48 (147) 356-6430
609,Александр,Жуков,2019-08-15,1992-12-09,2.2,22281.0,jclaysongw@dedecms.com,+33 (541) 147-0092
610,Андрей,Уваров,2017-06-18,2001-10-19,3.4,27859.0,shannongx@gravatar.com,+62 (119) 759-4387
611,Емельян,Богданов,2018-11-26,1962-03-24,3.1,29095.0,nmcnabgy@tiny.cc,+60 (779) 451-3759
612,Милий,Денисов,2017-01-04,1989-12-23,2.4,29913.0,nmoncrieffegz@biblegateway.com,+55 (487) 263-0577
613,Арсений,Суворов,2015-10-16,1977-08-09,2.4,29430.0,ztellessonh0@devhub.com,+86 (622) 704-8964
614,Елизар,Власов,2017-09-29,2000-07-13,2.4,17218.0,cmeharryh1@scientificamerican.com,+963 (584) 965-4631
615,Елизар,Тимофеев,2018-04-10,1984-04-23,0.2,27823.0,gkonmannh2@noaa.gov,+86 (686) 700-1539
616,Рената,Мамонтова,2018-04-17,1979-03-22,1.5,23321.0,tcomettoih3@dailymotion.com,+51 (658) 592-2351
617,Стела,Белякова,2017-11-27,1978-04-02,0.4,24940.0,awoodrowh4@com.com,+86 (853) 300-5064
618,Мирослава,Гаврилова,2017-01-02,1977-12-11,1.8,26806.0,tkillwickh5@etsy.com,+86 (691) 274-7822
619,Лев,Лыткин,2020-03-26,2002-05-18,0.1,27403.0,cmaffullih6@icio.us,+224 (511) 513-6596
620,Мечислав,Фомичёв,2015-09-20,1977-03-03,1.7,19737.0,achreeh7@prweb.com,+86 (996) 417-0759
621,Ипполит,Силин,2016-05-16,1971-09-13,3.5,24175.0,emaeerh8@linkedin.com,+52 (425) 787-0829
622,Борислав,Потапов,2016-01-26,1967-10-03,4.0,21538.0,nstoweh9@mysql.com,+62 (543) 267-0165
623,Изяслав,Иванов,2016-09-27,1978-04-30,0.9,15847.0,mduerha@php.net,+86 (791) 236-6373
624,Рубен,Афанасьев,2019-06-14,2001-07-30,0.6,21270.0,djubbhb@skyrock.com,+995 (292) 742-1926
625,Тимофей,Рыбаков,2019-08-10,2003-05-18,4.8,28446.0,cskullyhc@histats.com,+92 (311) 128-8888
626,Нона,Ларионова,2019-10-08,1981-06-08,2.0,23732.0,jrushburyhd@desdev.cn,+86 (574) 575-6373
627,Лада,Большакова,2020-03-24,1995-05-01,1.9,25109.0,vmynetthe@elpais.com,+370 (708) 105-1937
628,Любим,Лукин,2020-02-26,1970-12-09,3.4,25585.0,ktolladyhf@marketwatch.com,+33 (291) 666-9337
629,Лиана,Игнатова,2020-05-20,1966-11-19,2.6,28129.0,gmatteshg@cisco.com,+86 (292) 584-1539
630,Лилиана,Белоусова,2017-06-26,1989-03-07,1.7,15256.0,fbenoithh@wiley.com,+993 (711) 680-5511
631,Венедикт,Мясников,2020-03-12,1984-01-29,1.2,15589.0,mhenworthhi@cocolog-nifty.com,+46 (916) 860-6105
632,Ефим,Беляев,2018-05-27,1963-09-15,0.6,26846.0,rglisonhj@webs.com,+62 (829) 450-1631
633,Борислав,Андреев,2018-02-25,1983-07-02,0.3,27747.0,ccronkshawhk@infoseek.co.jp,+86 (229) 461-0231
634,Лев,Гуляев,2016-08-14,1985-09-15,1.1,24066.0,lkittemanhl@yelp.com,+86 (871) 148-0252
635,Конон,Беспалов,2020-11-20,2002-11-09,0.2,16107.0,dswalowehm@adobe.com,+55 (281) 837-0046
636,Прокофий,Миронов,2017-05-14,1972-10-19,2.9,16601.0,gdunkleyhn@dailymotion.com,+47 (819) 300-8479
637,Евлампий,Якушев,2017-06-14,1984-09-13,4.3,26866.0,knieceho@dailymail.co.uk,+86 (619) 238-2474
638,Влас,Кабанов,2017-03-30,1974-12-19,3.4,27225.0,atipplerhp@blinklist.com,+352 (879) 394-5835
639,Владислава,Михеева,2018-10-22,1985-05-28,2.1,27741.0,kshackletonhq@imageshack.us,+51 (398) 538-3630
640,Творимир,Шарапов,2016-10-13,1965-06-08,4.2,27393.0,snowakhr@cyberchimps.com,+86 (208) 738-0948
641,Мокей,Смирнов,2019-06-01,2001-02-05,0.4,27370.0,cdunbobinhs@narod.ru,+86 (783) 517-9480
642,Эдуард,Крылов,2019-11-05,1981-12-09,0.8,25480.0,eheelht@mac.com,+62 (136) 363-8137
643,Парамон,Пахомов,2016-05-04,1981-09-13,1.1,21772.0,jdenacamphu@va.gov,+63 (990) 466-6320
644,Трифон,Русаков,2015-09-27,2001-07-30,3.0,17201.0,mtogwellhv@chron.com,+7 (637) 725-7848
645,Лариса,Мамонтова,2016-11-23,1989-05-12,3.1,18550.0,aearwakerhw@sohu.com,+62 (281) 972-2469
646,Клавдий,Панфилов,2019-06-29,1977-01-12,0.3,26601.0,rchisnellhx@arizona.edu,+81 (890) 657-8892
647,Ника,Воробьёва,2017-12-04,1966-06-21,3.8,21578.0,rtoonhy@boston.com,+48 (999) 747-8917
648,Моисей,Романов,2021-03-02,1980-02-16,0.1,29022.0,kkeddlehz@reverbnation.com,+380 (366) 541-0472
649,Пантелеймон,Дроздов,2016-12-21,1989-05-23,2.1,15357.0,awildmani0@hao123.com,+86 (243) 238-1748
650,Никандр,Агафонов,2015-11-25,1993-12-03,4.8,22647.0,vvallintinei1@mayoclinic.com,+46 (835) 197-3719
651,Леонтий,Родионов,2020-04-25,1976-11-06,0.0,23965.0,amoxsteadi2@cdbaby.com,+86 (433) 284-0451
652,Авдей,Доронин,2018-08-11,1994-09-20,4.5,24723.0,mhayworthi3@blogger.com,+7 (365) 648-4096
653,Радислав,Пестов,2020-11-06,1981-03-05,4.6,24476.0,cgillyatti4@moonfruit.com,+86 (873) 333-4225
654,Нифонт,Поляков,2017-10-22,1972-11-01,4.7,24021.0,ilegeni5@elegantthemes.com,+995 (391) 661-3717
655,Ювеналий,Лихачёв,2016-12-16,2000-02-29,1.3,28857.0,wmccooki6@dell.com,+359 (191) 815-6641
656,Устин,Калашников,2016-08-14,1988-09-17,2.8,16320.0,jmaccostigani7@npr.org,+420 (178) 671-6521
657,Руфина,Горшкова,2019-06-16,1983-04-02,0.8,16276.0,cizhakovi8@free.fr,+7 (271) 375-1182
658,Ефим,Марков,2018-11-07,1974-05-19,1.0,25895.0,cfelli9@independent.co.uk,+49 (686) 627-9252
659,Корнил,Сафонов,2020-01-03,1974-09-30,1.6,23553.0,ibinderia@nbcnews.com,+86 (916) 218-9744
660,Милан,Дроздов,2016-02-10,1996-04-04,3.9,17800.0,cbirkenshawib@dagondesign.com,+48 (170) 261-4190
661,Андрей,Колесников,2017-08-26,1987-08-27,4.4,18079.0,sdenningic@mozilla.com,+976 (547) 370-1274
662,Панкрат,Горшков,2021-03-18,1961-06-07,1.3,22939.0,fsudyid@ted.com,+1 (302) 362-1696
663,Герман,Колесников,2017-12-19,1969-02-27,2.3,27576.0,gillidgeie@furl.net,+62 (245) 439-1122
664,Всеслав,Стрелков,2016-10-15,1974-10-19,4.4,16370.0,goxberryif@latimes.com,+62 (443) 555-9086
665,Никон,Жуков,2016-11-28,1964-06-06,3.4,15784.0,ewhelptonig@patch.com,+54 (426) 973-6095
666,Глафира,Самсонова,2018-11-19,1989-12-24,4.5,15712.0,lmatyashevih@theatlantic.com,+55 (873) 422-4790
667,Зосима,Лебедев,2020-09-08,1976-07-11,1.7,28276.0,acopcoteii@forbes.com,+98 (136) 811-5991
668,Клара,Лазарева,2016-12-16,1998-05-12,2.9,27319.0,rgregorattiij@goo.gl,+86 (823) 399-2164
669,Владлен,Шаров,2015-10-14,1990-05-31,2.6,25199.0,cgopsallik@army.mil,+48 (389) 999-8549
670,Аверкий,Ковалёв,2020-11-09,1997-06-05,4.7,16210.0,heedeil@redcross.org,+30 (451) 388-4755
671,Лада,Комарова,2021-06-06,1967-12-31,1.9,20801.0,kpiattoim@dyndns.org,+62 (539) 919-9077
672,Олимпиада,Сазонова,2017-10-09,1986-03-05,4.6,29733.0,sodonoghuein@free.fr,+63 (572) 622-9212
673,Евграф,Ситников,2021-02-13,1996-05-31,4.2,25693.0,noheyneio@marriott.com,+381 (342) 342-4383
674,Леонтий,Шилов,2020-06-28,1968-01-28,3.2,16284.0,kebyip@people.com.cn,+86 (623) 887-8911
675,Аза,Зайцева,2020-07-17,1993-10-05,3.0,15388.0,ypattendeniq@thetimes.co.uk,+86 (760) 325-2424
676,Арсений,Стрелков,2021-06-21,2000-12-30,4.8,19029.0,srhymeir@mashable.com,+7 (705) 209-5886
677,Олимпий,Александров,2021-04-29,1973-07-09,1.3,15594.0,dduchenneis@msu.edu,+63 (269) 669-1752
678,Милица,Лыткина,2018-01-17,1990-04-11,1.3,19084.0,wbraundsit@live.com,+63 (269) 996-7765
679,Мстислава,Горшкова,2016-02-07,2001-07-31,4.6,24175.0,ldehmiu@squidoo.com,+48 (893) 546-8282
680,Самсон,Брагин,2017-09-24,1988-09-13,0.7,23506.0,dmcilmorieiv@pagesperso-orange.fr,+594 (488) 329-9136
681,Герман,Баранов,2015-12-13,1972-12-09,3.0,15081.0,qmcgowraniw@rambler.ru,+86 (735) 366-9823
682,Любомир,Евдокимов,2016-12-09,1977-11-23,1.5,22555.0,ccostinix@mashable.com,+51 (808) 572-4448
683,Валентина,Ефимова,2018-03-10,1971-06-20,3.6,18114.0,jmarquessiy@drupal.org,+98 (444) 241-3445
684,Викентий,Шестаков,2017-12-12,2001-10-17,4.7,25688.0,nfuncheoniz@joomla.org,+54 (227) 652-6553
685,Антонина,Карпова,2018-01-05,1995-01-19,0.5,22017.0,ibezleyj0@histats.com,+62 (435) 831-6911
686,Карп,Фомин,2020-07-28,1964-09-01,3.4,29706.0,acornwallj1@hud.gov,+62 (868) 135-7211
687,Генриетта,Котова,2018-04-02,1986-09-18,4.3,24499.0,cedysonj2@feedburner.com,+86 (595) 371-2763
688,Авдей,Туров,2020-04-10,1994-10-07,4.1,16731.0,spadburyj3@oakley.com,+31 (370) 417-8424
689,Изольда,Шилова,2020-01-19,1990-04-22,1.1,15060.0,fodonnellj4@yolasite.com,+86 (823) 389-3818
690,Ипат,Кулагин,2016-01-22,1980-03-31,1.4,19822.0,qprestlandj5@goo.gl,+51 (272) 154-2348
691,Болеслав,Селиверстов,2017-04-15,1979-06-03,1.8,24718.0,gchittendenj6@dmoz.org,+62 (160) 965-3090
692,Олимпиада,Соболева,2020-08-31,1995-04-13,4.2,17887.0,smorcombej7@technorati.com,+81 (653) 898-1467
693,Рубен,Давыдов,2016-06-12,1976-12-05,1.8,19679.0,gornilsj8@yelp.com,+1 (814) 813-0582
694,Аникита,Поляков,2019-03-23,1993-09-13,4.2,19315.0,dmapesj9@istockphoto.com,+46 (952) 838-4410
695,Мира,Макарова,2016-08-24,1996-01-14,1.3,15458.0,wbaintonja@cloudflare.com,+7 (907) 471-7502
696,Валерий,Кузьмин,2019-07-29,1978-09-02,3.5,15944.0,mwaliszewskijb@miitbeian.gov.cn,+51 (905) 398-2924
697,Аделаида,Голубева,2017-08-11,1999-01-10,1.4,28403.0,pbykjc@meetup.com,+7 (340) 609-0772
698,Викторина,Коновалова,2020-04-04,1984-06-07,0.8,28637.0,lbedburrowjd@printfriendly.com,+86 (674) 198-1353
699,Тимур,Никонов,2016-10-21,1984-01-15,3.7,25063.0,lleyfieldje@wordpress.org,+86 (788) 733-3396
700,Вера,Ситникова,2015-09-16,1985-08-30,1.1,22909.0,ehighnamjf@e-recht24.de,+54 (227) 805-1647
701,Ипполит,Беляков,2016-09-15,1962-08-15,4.4,16812.0,ggillespiejg@chron.com,+234 (213) 423-0379
702,Рада,Попова,2019-03-23,1977-04-26,4.2,16338.0,emearingjh@fc2.com,+86 (766) 854-1713
703,Августа,Никонова,2015-09-17,1986-01-10,1.6,23737.0,bstelleji@msu.edu,+1 (530) 469-0855
704,Кондрат,Соловьёв,2020-01-20,1977-10-30,3.5,25725.0,ccasebournejj@google.fr,+46 (239) 852-4525
705,Всеволод,Белоусов,2018-01-01,1961-04-13,2.9,20373.0,mevesquejk@feedburner.com,+970 (458) 265-6479
706,Римма,Кошелева,2019-03-28,1989-03-13,0.3,28478.0,icopejl@lycos.com,+86 (236) 629-1015
707,Прокл,Смирнов,2018-09-18,1989-09-04,1.4,26246.0,ftomaszkiewiczjm@geocities.com,+212 (837) 410-3916
708,Вацлав,Лыткин,2017-08-10,1998-03-07,2.5,26101.0,mfransewichjn@tripod.com,+86 (630) 609-8839
709,Эвелина,Лапина,2018-08-09,1976-07-29,1.9,27698.0,dbrattonjo@ihg.com,+54 (637) 502-6904
710,Всеволод,Бобров,2017-07-21,1968-06-18,2.6,24681.0,sgoodburjp@unicef.org,+30 (488) 958-1275
711,Ерофей,Зайцев,2020-08-28,1989-03-31,4.6,24782.0,eheibljq@narod.ru,+1 (685) 757-8997
712,Измаил,Борисов,2021-07-31,1997-05-09,1.4,22478.0,crosiellojr@virginia.edu,+380 (367) 277-6610
713,Ульяна,Белякова,2020-03-06,2002-11-01,3.8,27418.0,adearanjs@yellowbook.com,+52 (499) 989-1992
714,Зиновий,Антонов,2016-09-23,1966-01-23,2.3,20363.0,rantuonijt@globo.com,+1 (606) 342-1600
715,Оксана,Кулакова,2017-11-25,1993-03-29,1.6,15426.0,ecallearju@ucoz.com,+30 (930) 642-4451
716,Мирон,Бобылёв,2020-08-09,1962-10-27,2.9,23002.0,edysartjv@rediff.com,+86 (747) 220-2511
717,Пелагея,Молчанова,2016-03-16,1970-12-18,2.4,16014.0,pmassinghamjw@stanford.edu,+242 (727) 596-8885
718,Платон,Зайцев,2017-08-23,1987-03-27,1.1,24288.0,kmaroneyjx@merriam-webster.com,+963 (754) 249-0916
719,Мокей,Панфилов,2017-03-05,2001-05-09,0.5,28626.0,wyvensjy@imgur.com,+86 (421) 482-7221
720,Викторин,Виноградов,2018-12-29,1999-10-05,4.9,24308.0,eheigoldjz@imgur.com,+81 (478) 257-9731
721,Ирина,Маркова,2019-08-08,1964-09-29,3.8,27111.0,lfurbankk0@arizona.edu,+46 (456) 964-8321
722,Мечислав,Макаров,2016-06-19,2001-03-02,3.4,24278.0,trosbothamk1@a8.net,+972 (926) 579-7269
723,Ерофей,Муравьёв,2018-11-05,1983-04-21,3.6,24917.0,wbartaluccik2@google.fr,+33 (641) 833-2192
724,Валерий,Меркушев,2018-11-15,1966-02-19,1.2,24416.0,yspickk3@purevolume.com,+62 (983) 115-4288
725,Антип,Маслов,2020-08-07,1983-01-15,0.8,25594.0,tmatzkaitisk4@ifeng.com,+976 (498) 771-7525
726,Клавдий,Мясников,2018-11-17,2000-10-01,3.4,20191.0,tsalernok5@harvard.edu,+7 (712) 510-7787
727,Чеслав,Корнилов,2017-11-07,1979-02-16,0.2,22855.0,abeisleyk6@cisco.com,+7 (653) 156-9794
728,Виктория,Тимофеева,2017-04-18,1980-03-17,2.7,17861.0,vdrysdallk7@cornell.edu,+256 (383) 409-5618
729,Мария,Белозёрова,2017-02-06,1982-11-26,4.7,15493.0,kpflegerk8@guardian.co.uk,+7 (850) 298-4831
730,Роман,Абрамов,2016-07-10,1965-10-30,3.8,26723.0,yspieckk9@w3.org,+503 (440) 481-3687
731,Клара,Петухова,2019-06-25,1995-11-23,4.4,21036.0,lcrombleholmeka@elegantthemes.com,+7 (178) 157-7918
732,Борислава,Кудряшова,2016-04-18,2002-02-27,3.6,26953.0,lloveguardkb@biblegateway.com,+86 (939) 491-2169
733,Вера,Уварова,2017-01-03,1977-05-22,3.1,15032.0,scommingskc@deliciousdays.com,+62 (233) 849-8741
734,Амос,Козлов,2016-07-29,2002-06-20,0.5,16385.0,clawrykd@discovery.com,+62 (962) 974-1173
735,Будимир,Жданов,2020-06-15,1988-10-28,4.9,23019.0,achristoforke@nydailynews.com,+970 (293) 620-5580
736,Милий,Антонов,2020-03-13,1973-02-17,1.6,26145.0,fmccronekf@e-recht24.de,+55 (954) 794-5443
737,Эльвира,Селезнёва,2021-05-20,1979-03-03,0.5,17547.0,iclemokg@google.es,+387 (826) 444-2072
738,Владлена,Вишнякова,2020-05-17,1985-10-05,2.3,16592.0,jhopkinskh@a8.net,+62 (320) 467-1042
739,Эмма,Громова,2021-01-25,1966-04-26,2.7,20323.0,rgerrellki@furl.net,+63 (662) 907-3880
740,Эммануил,Бирюков,2018-09-23,1961-08-31,2.8,28672.0,gmeffinkj@webnode.com,+30 (708) 364-4513
741,Светозар,Шилов,2019-06-04,1961-01-09,1.8,15485.0,lchatwoodkk@cafepress.com,+86 (290) 272-0144
742,Моисей,Суворов,2019-09-15,1997-03-27,1.1,22916.0,squarekl@state.tx.us,+33 (883) 709-3002
743,Афанасий,Пахомов,2019-09-19,1968-01-27,0.2,24275.0,rbirrellkm@salon.com,+86 (441) 807-4438
744,Станислав,Александров,2017-10-28,1996-12-24,4.7,15421.0,cglaysherkn@ycombinator.com,+55 (426) 853-9070
745,Авксентий,Зуев,2021-01-07,2002-11-24,0.7,17119.0,slindblomko@dell.com,+63 (403) 549-2404
746,Фадей,Карпов,2018-02-07,1978-12-29,2.2,25400.0,mhattersleykp@pen.io,+381 (837) 591-7235
747,Глафира,Комиссарова,2019-05-25,1989-07-14,2.0,21976.0,apridittkq@howstuffworks.com,+33 (414) 905-3390
748,Лилиана,Карпова,2019-04-01,1972-04-22,2.6,23228.0,dreboulkr@skype.com,+86 (232) 651-7953
749,Святополк,Маслов,2016-08-15,1991-10-18,0.1,25135.0,hkellks@craigslist.org,+30 (960) 740-0780
750,Клеопатра,Мамонтова,2021-06-12,1990-10-29,4.3,17292.0,vmerceykt@nydailynews.com,+62 (403) 214-4498
751,Анатолий,Никифоров,2020-05-02,1966-07-31,0.8,15062.0,acozbyku@sbwire.com,+55 (180) 237-8117
752,Арсений,Стрелков,2018-05-17,1969-10-05,1.3,29251.0,jkelleherkv@rambler.ru,+62 (272) 238-1631
753,Аггей,Шаров,2018-08-30,1993-10-31,1.0,17352.0,tmatuszewskikw@yahoo.com,+86 (524) 306-0385
754,Михаил,Селезнёв,2019-08-06,1962-08-17,0.6,16003.0,kmulveykx@nhs.uk,+54 (131) 971-1292
755,Лавр,Жданов,2020-02-21,1967-07-15,0.9,19871.0,trydzynskiky@pen.io,+20 (490) 851-5286
756,Дементий,Афанасьев,2018-02-10,1974-05-03,3.2,28799.0,mternkz@webeden.co.uk,+62 (318) 529-1113
757,Гаврила,Морозов,2018-10-30,1981-05-14,2.8,27492.0,tgepsonl0@skype.com,+1 (303) 389-5809
758,Максимильян,Мамонтов,2019-08-31,1970-04-21,0.6,23891.0,rleyesl1@webnode.com,+46 (265) 256-8901
759,Петр,Ковалёв,2018-01-21,1991-07-06,2.0,21086.0,lkinghornel2@sogou.com,+86 (514) 742-9566
760,Савва,Тарасов,2021-06-29,1964-12-07,4.0,18098.0,erockwelll3@chicagotribune.com,+46 (782) 377-8898
761,Потап,Беляев,2019-10-22,1970-09-28,2.7,28260.0,jprittyl4@bizjournals.com,+386 (736) 545-2742
762,Капитолина,Воронцова,2021-08-12,1981-12-12,3.1,15174.0,zbutterlyl5@cbc.ca,+972 (980) 716-7615
763,Николай,Хохлов,2019-12-28,1974-09-21,1.1,16414.0,ayoudelll6@spiegel.de,+62 (192) 248-6047
764,Родион,Силин,2019-03-11,1976-01-18,1.2,15233.0,rmicklewrightl7@usda.gov,+55 (801) 328-1799
765,Мир,Макаров,2018-07-28,1968-02-14,3.8,16906.0,blangcastlel8@xinhuanet.com,+225 (347) 631-7798
766,Мариетта,Субботина,2019-08-28,2002-12-23,0.6,25702.0,openneyl9@cnet.com,+86 (954) 252-7063
767,Ян,Тетерин,2017-10-13,1985-09-15,3.5,24452.0,ccrichtonla@smugmug.com,+55 (480) 991-4210
768,Софья,Одинцова,2017-03-07,1966-10-11,2.4,16965.0,rponcetlb@vk.com,+98 (954) 166-8383
769,Зосима,Овчинников,2016-10-18,1995-01-20,0.3,27948.0,igannlc@surveymonkey.com,+34 (312) 440-6465
770,Ярополк,Блохин,2019-07-24,1981-12-05,0.0,27679.0,gmelmethld@technorati.com,+98 (604) 755-1736
771,Онуфрий,Кудряшов,2016-04-26,1965-09-29,1.2,29922.0,awiddecombele@pcworld.com,+86 (923) 552-3430
772,Полина,Александрова,2017-05-09,1992-11-10,3.9,28612.0,rhannanlf@icio.us,+62 (726) 506-8583
773,Вячеслав,Алексеев,2021-01-06,1991-12-23,1.7,17326.0,gmctrustylg@a8.net,+1 (989) 832-8564
774,Олимпиада,Коновалова,2019-06-19,1962-03-06,4.2,24310.0,mpadillolh@smugmug.com,+358 (550) 152-1017
775,Светлана,Белякова,2020-04-29,1999-07-24,3.6,17454.0,bfayersli@w3.org,+56 (552) 484-7895
776,Ефросинья,Михайлова,2018-04-22,1971-10-08,0.2,18872.0,sgulclj@1688.com,+1 (334) 352-5093
777,Мирослава,Сафонова,2018-06-23,1967-08-28,0.9,16837.0,sroxbylk@home.pl,+65 (869) 166-2400
778,Лука,Куликов,2016-06-08,1960-10-11,0.4,17097.0,kmoberleyll@imdb.com,+54 (542) 188-0690
779,Пров,Елисеев,2017-12-15,1968-07-22,1.3,21288.0,cpozzilm@vistaprint.com,+62 (433) 693-6947
780,Устин,Рябов,2015-10-02,1985-04-11,0.5,29528.0,alatehouseln@linkedin.com,+62 (302) 852-1877
781,Виктория,Агафонова,2021-07-31,1994-06-02,2.8,27400.0,swaggettlo@mtv.com,+86 (740) 516-9144
782,Артем,Блинов,2018-10-04,1977-04-23,3.7,22521.0,redwicklp@samsung.com,+387 (442) 642-0501
783,Рубен,Родионов,2019-05-18,1972-02-02,1.1,19434.0,jkopkelq@diigo.com,+52 (565) 932-1592
784,Тит,Фадеев,2015-09-26,1973-06-27,2.1,15665.0,drosevearlr@nih.gov,+352 (705) 206-5298
785,Твердислав,Веселов,2018-10-04,1998-07-25,4.1,19336.0,aaikenls@ihg.com,+1 (402) 782-3012
786,Харитина,Харитонова,2019-05-12,1993-04-22,0.3,29455.0,mhalledelt@list-manage.com,+46 (479) 513-1748
787,Трофим,Буров,2021-03-15,1982-03-10,1.9,25557.0,cramseylu@nps.gov,+880 (598) 272-6391
788,Власта,Одинцова,2020-11-21,1970-09-28,3.4,25806.0,bfrangionelv@youtu.be,+46 (884) 186-6936
789,Федосья,Лыткина,2019-06-29,1973-01-13,3.9,17358.0,dlaurielw@state.gov,+7 (340) 470-7203
790,Силантий,Константинов,2017-11-09,1992-04-30,0.0,24037.0,aonnlx@uiuc.edu,+62 (824) 528-9405
791,Филарет,Рябов,2018-01-31,1968-12-22,1.9,29585.0,mbollinsly@qq.com,+1 (916) 769-0466
792,Вацлав,Максимов,2020-12-12,1991-12-07,1.9,19692.0,pryallz@devhub.com,+351 (159) 285-9560
793,Лидия,Харитонова,2021-05-19,2000-09-07,2.0,18776.0,spedgriftm0@diigo.com,+212 (904) 172-6069
794,Владилен,Одинцов,2018-10-18,1974-04-17,2.0,17329.0,astruttm1@ovh.net,+86 (437) 921-1398
795,Флорентин,Маслов,2018-07-12,1980-05-01,1.7,20120.0,mgennym2@51.la,+86 (363) 196-7856
796,Влада,Гурьева,2018-12-19,1990-02-17,3.0,25965.0,fbywaym3@google.com.hk,+86 (646) 925-0467
797,Мирон,Якушев,2017-05-27,1997-02-19,0.2,28730.0,ldurrandm4@yale.edu,+46 (365) 802-2521
798,Лидия,Шашкова,2017-06-27,1987-06-17,3.0,28660.0,sfevierm5@nymag.com,+54 (228) 235-5605
799,Платон,Рожков,2016-08-30,1999-04-27,2.4,15482.0,pmelloym6@clickbank.net,+62 (666) 549-5911
800,Владлен,Блинов,2016-08-10,1997-07-19,1.8,27551.0,vduffieldm7@acquirethisname.com,+371 (567) 825-9156
801,Светлана,Баранова,2020-05-11,1991-10-29,3.4,28412.0,corknaym8@usgs.gov,+355 (909) 127-3184
802,Влас,Кононов,2020-10-29,1992-09-17,3.7,25162.0,ctinglym9@buzzfeed.com,+33 (204) 188-9713
803,Нифонт,Антонов,2020-05-28,1981-02-05,4.4,27481.0,cfrancescma@yolasite.com,+93 (607) 293-3700
804,Феофан,Шарапов,2019-07-24,1975-12-10,3.0,24956.0,mfurmingermb@purevolume.com,+55 (839) 920-1847
805,Лучезар,Карпов,2015-12-11,1991-11-10,3.3,18134.0,jhendersonmc@blog.com,+7 (402) 868-9777
806,Ярослава,Шарапова,2020-01-15,1977-08-26,2.8,17931.0,lspedronimd@mapquest.com,+62 (221) 150-1275
807,Мстислав,Фомичёв,2018-08-20,1964-07-08,0.7,21192.0,ftomkinsme@yale.edu,+33 (272) 137-5377
808,Сила,Сафонов,2020-06-11,1989-09-18,3.0,19350.0,dfessionsmf@tmall.com,+81 (343) 373-6662
809,Федосий,Прохоров,2019-05-05,1973-05-05,2.2,24373.0,rwoodwardmg@stanford.edu,+86 (120) 653-7985
810,Мартьян,Васильев,2020-10-05,1968-10-24,1.6,18137.0,namortmh@epa.gov,+880 (567) 331-1423
811,Мира,Маркова,2020-04-11,1998-12-18,4.0,15093.0,xfishlockmi@freewebs.com,+62 (324) 969-9383
812,Онуфрий,Симонов,2016-12-19,1983-11-07,0.5,25645.0,gpalfreemanmj@barnesandnoble.com,+33 (527) 786-4515
813,Агафья,Гущина,2019-02-17,1971-08-05,0.4,22708.0,elaurencemk@uol.com.br,+7 (565) 733-0722
814,Всеслава,Лазарева,2017-06-23,1969-05-15,0.6,22767.0,rransonml@columbia.edu,+30 (248) 575-8803
815,Елизавета,Филиппова,2017-04-02,1986-05-19,1.6,17346.0,kgiacobillomm@altervista.org,+90 (316) 272-6213
816,Ангелина,Шестакова,2017-02-12,1995-03-16,1.2,23786.0,cgeddesmn@upenn.edu,+46 (463) 547-0777
817,Изабелла,Селиверстова,2020-07-22,1977-07-01,3.4,26436.0,wbartusekmo@cyberchimps.com,+86 (116) 441-3231
818,Олимпий,Кудрявцев,2016-10-23,1980-10-01,3.5,26363.0,dpashmp@google.es,+62 (808) 301-3856
819,Алиса,Беспалова,2018-03-11,1968-05-07,2.3,15047.0,lburvillmq@simplemachines.org,+992 (876) 195-2922
820,Алина,Бурова,2016-11-19,1990-09-10,3.2,16532.0,sdadgemr@webeden.co.uk,+33 (809) 728-5691
821,Осип,Ефимов,2017-08-26,1981-04-08,4.6,20201.0,cspillettms@friendfeed.com,+57 (206) 885-6033
822,Лукерья,Быкова,2017-02-26,1964-05-06,0.0,27377.0,rsteensonmt@yelp.com,+358 (430) 703-4383
823,Любим,Алексеев,2019-12-29,1978-07-02,4.6,18375.0,hseidmu@google.nl,+63 (994) 245-9966
824,Домна,Харитонова,2021-03-11,1970-03-16,4.7,28190.0,tgherardinimv@csmonitor.com,+62 (258) 264-6999
825,Анфиса,Архипова,2017-03-04,1980-11-27,3.6,18729.0,kslewcockmw@umn.edu,+66 (286) 182-2297
826,Петр,Зимин,2019-02-15,1970-05-22,0.3,20419.0,mmuzzimx@foxnews.com,+86 (377) 914-6723
827,Евлампий,Носков,2018-04-08,1993-11-07,3.5,15258.0,cplumemy@dell.com,+970 (742) 797-5565
828,Фаина,Воронова,2017-02-25,2001-08-18,1.1,28104.0,slukacsmz@whitehouse.gov,+386 (161) 791-9893
829,Софрон,Михеев,2016-04-13,1969-04-01,2.8,28137.0,bsorrilln0@bbc.co.uk,+55 (464) 527-7636
830,Лада,Попова,2016-03-19,1995-12-11,4.5,20038.0,ehoundesomen1@zimbio.com,+86 (224) 197-5726
831,Лавр,Мясников,2015-10-30,1960-09-21,4.7,28251.0,lhundyn2@apple.com,+81 (215) 624-7537
832,Яков,Мельников,2018-10-23,1987-09-21,3.3,19306.0,balkern3@blogtalkradio.com,+55 (831) 482-5962
833,Николай,Шаров,2019-06-07,1967-01-23,2.9,18253.0,ngarredn4@pinterest.com,+81 (368) 276-3071
834,Наталия,Воронова,2018-03-13,1974-10-21,4.7,24959.0,kwildeyn5@mit.edu,+55 (880) 675-1720
835,Неонила,Устинова,2016-10-31,1986-08-10,3.8,18874.0,ddradeyn6@clickbank.net,+93 (590) 298-0139
836,Ариадна,Михайлова,2020-07-23,1996-01-19,0.3,23345.0,nhellensn7@hugedomains.com,+66 (922) 579-4482
837,Нифонт,Кабанов,2018-05-07,1966-02-09,2.4,29707.0,gsaintern8@accuweather.com,+86 (479) 219-8215
838,Марк,Журавлёв,2018-09-29,1986-11-30,3.6,18740.0,jharmstonen9@google.com.au,+33 (902) 428-3108
839,Константин,Беляков,2019-08-18,1963-07-31,4.6,16936.0,edairtonna@dagondesign.com,+86 (429) 471-0678
840,Светозар,Лыткин,2017-10-01,1974-07-14,0.8,17751.0,sclemersonnb@phoca.cz,+380 (371) 838-0356
841,Венедикт,Осипов,2021-03-28,1985-10-28,0.3,21151.0,lrandnc@nymag.com,+62 (913) 957-5352
842,Ювеналий,Савин,2021-01-06,1991-08-09,4.9,16294.0,gwordsworthnd@google.es,+55 (329) 799-7187
843,Клавдия,Самойлова,2017-07-27,1965-11-15,2.7,17079.0,lkeelene@japanpost.jp,+62 (975) 733-9213
844,Иннокентий,Максимов,2019-05-09,1963-04-10,0.3,22992.0,nuccellinf@opera.com,+970 (401) 319-9455
845,Амвросий,Ефимов,2019-10-24,2001-01-31,5.0,22415.0,amangeonng@freewebs.com,+52 (738) 574-9386
846,Христофор,Сазонов,2017-09-06,1971-02-19,0.3,18488.0,tdreakinnh@fda.gov,+1 (409) 190-4090
847,Вениамин,Комиссаров,2020-03-02,1988-08-13,0.9,19528.0,sarrni@marriott.com,+48 (386) 460-8469
848,Евдокия,Соловьёва,2020-10-23,1966-08-27,1.8,27771.0,mheednj@smh.com.au,+55 (694) 720-1034
849,Евсей,Мишин,2018-06-23,1993-05-15,4.4,21110.0,fteallnk@mapy.cz,+62 (121) 658-6295
850,Капитолина,Родионова,2020-07-03,1981-05-18,0.5,24997.0,kbentkenl@phpbb.com,+386 (664) 980-0931
851,Адриан,Журавлёв,2020-07-01,1963-06-01,3.1,17817.0,bmeneghinm@slate.com,+33 (977) 740-0732
852,Любава,Ситникова,2020-10-19,1986-12-11,0.7,25111.0,rfickennn@icq.com,+7 (676) 354-6335
853,Олимпий,Колобов,2020-02-20,1995-01-15,1.2,17651.0,nboundleyno@sciencedirect.com,+57 (396) 364-9148
854,Флорентина,Калинина,2016-06-30,2001-08-02,2.3,27703.0,esawfordnp@flavors.me,+81 (873) 827-8218
855,Кузьма,Савельев,2015-11-27,1992-09-03,2.5,26485.0,rsivellnq@irs.gov,+54 (517) 288-2846
856,Всеслава,Некрасова,2017-07-08,1991-03-29,3.9,25001.0,bgiovannardinr@usgs.gov,+62 (831) 405-5969
857,Галина,Щербакова,2021-01-08,1962-10-18,2.3,17826.0,gteulierns@g.co,+995 (582) 556-6649
858,Аникей,Зиновьев,2019-02-22,1998-03-29,3.4,25070.0,bmoormannt@google.cn,+86 (154) 536-5907
859,Харитон,Дмитриев,2019-03-07,1995-12-20,4.9,24738.0,wtamplinnu@lulu.com,+86 (811) 316-2168
860,Лидия,Кузьмина,2016-01-25,1972-03-31,3.7,29220.0,csmissennv@netscape.com,+81 (892) 244-6740
861,Таисия,Одинцова,2017-11-06,1965-10-17,4.0,15594.0,jfairbournnw@answers.com,+351 (700) 502-8307
862,Светлана,Емельянова,2020-09-05,1984-02-09,2.7,22347.0,odaughterynx@digg.com,+86 (381) 382-0143
863,Кондратий,Панфилов,2017-03-24,1962-09-18,1.0,19048.0,jledwithny@diigo.com,+7 (559) 613-4474
864,Марк,Лобанов,2018-03-11,1969-06-21,1.6,24226.0,apesseltnz@illinois.edu,+30 (682) 113-3850
865,Осип,Брагин,2017-12-30,1994-11-18,4.5,15531.0,ehainningo0@wix.com,+93 (339) 263-0285
866,Сигизмунд,Дьячков,2020-07-04,1967-01-30,5.0,22451.0,rkilfeddero1@sbwire.com,+358 (205) 970-9450
867,Остап,Мельников,2019-06-10,1995-08-07,0.5,27412.0,flarvino2@bbc.co.uk,+63 (379) 152-7608
868,Аверьян,Козлов,2020-01-18,1981-04-25,3.3,15590.0,ddemicolio3@nih.gov,+502 (731) 928-3256
869,Тит,Панов,2020-02-06,1990-02-04,0.8,18223.0,tbalassao4@is.gd,+62 (369) 431-5644
870,Мариетта,Лыткина,2016-03-16,1999-02-14,3.8,19808.0,fgarretto5@economist.com,+30 (120) 911-9696
871,Ипатий,Медведев,2016-05-28,2002-09-03,2.0,27068.0,wcapponero6@eventbrite.com,+86 (329) 568-4011
872,Сидор,Зиновьев,2016-07-07,1975-02-03,1.5,25283.0,tobraddeno7@opera.com,+351 (188) 233-0974
873,Аникей,Гущин,2020-05-07,1977-12-31,1.7,23357.0,kdryburgho8@bravesites.com,+7 (704) 723-9183
874,Ипполит,Муравьёв,2015-11-11,1967-04-19,1.0,28019.0,agierhardo9@linkedin.com,+1 (524) 474-8705
875,Лилиана,Исакова,2020-12-09,1998-03-03,3.3,20803.0,jyukhinoa@noaa.gov,+225 (956) 106-8827
876,Казимира,Назарова,2015-10-05,1976-02-09,2.0,29904.0,sfrondtob@opera.com,+387 (455) 244-9538
877,Роза,Рыбакова,2017-11-03,1978-03-08,3.8,23331.0,cdadyoc@shinystat.com,+81 (418) 201-0148
878,Мирослава,Титова,2015-10-26,1995-05-21,3.8,21293.0,llethcoeod@dion.ne.jp,+7 (455) 551-8599
879,Панкратий,Меркушев,2020-01-12,1977-09-13,0.5,27321.0,ljancaroe@weebly.com,+265 (138) 255-5910
880,Беатриса,Лазарева,2016-01-05,1989-07-29,2.9,24274.0,tlauxof@newyorker.com,+27 (560) 810-0378
881,Маргарита,Голубева,2017-01-11,1969-06-01,4.0,27757.0,cralestoneog@is.gd,+48 (749) 137-0204
882,Любомир,Лыткин,2019-05-16,1967-08-09,0.3,27440.0,bwoodersonoh@elegantthemes.com,+86 (122) 391-1014
883,Мирон,Кудрявцев,2019-06-26,1987-06-02,2.7,23468.0,abelsonoi@trellian.com,+1 (602) 891-1650
884,Панфил,Крюков,2020-04-14,1971-07-29,3.0,20470.0,dmaseresoj@salon.com,+970 (591) 785-8097
885,Самсон,Власов,2017-01-26,1970-12-14,2.3,24377.0,bekeok@independent.co.uk,+504 (624) 374-4066
886,Серафим,Бобров,2021-06-17,1972-06-26,2.0,19185.0,tclaworthol@google.co.uk,+7 (445) 491-1820
887,Нестор,Селиверстов,2020-11-13,1989-10-19,4.0,15000.0,jcappsom@nature.com,+381 (774) 205-7394
888,Радим,Королёв,2019-07-22,2000-03-13,4.3,20987.0,mdebankeon@oakley.com,+62 (349) 313-3745
889,Берта,Колобова,2018-01-08,1992-02-04,1.9,16913.0,wsentanceoo@soundcloud.com,+7 (691) 234-4174
890,Авксентий,Зимин,2020-04-06,1974-11-10,3.6,24933.0,dawtonop@tuttocitta.it,+86 (793) 741-9945
891,Ия,Харитонова,2018-02-23,1975-07-26,1.0,15400.0,chryniewickioq@t.co,+86 (766) 221-3458
892,Лазарь,Игнатов,2018-12-17,1974-10-06,0.5,18034.0,lbullusor@zimbio.com,+55 (668) 854-2765
893,Остромир,Гаврилов,2019-02-24,1972-04-17,1.6,23777.0,dlabelos@cnet.com,+7 (301) 351-5904
894,Серафима,Красильникова,2016-12-26,1985-03-04,0.8,26332.0,fsorsbieot@meetup.com,+34 (866) 978-2074
895,Доминика,Ефимова,2019-06-09,1975-01-09,3.9,19546.0,djewesou@dagondesign.com,+63 (648) 651-9829
896,Руслан,Громов,2019-02-07,1965-09-18,2.5,28147.0,iheimannov@google.pl,+264 (792) 219-5578
897,Станимир,Белозёров,2020-10-21,1962-05-16,3.8,18006.0,dtabourierow@google.it,+996 (704) 497-9529
898,Фелицата,Сафонова,2020-04-12,1966-12-28,2.7,19248.0,ccadanyox@mac.com,+86 (296) 518-0150
899,Эммануил,Жданов,2019-03-16,1995-10-02,1.8,26960.0,asimekoy@usgs.gov,+216 (684) 122-4369
900,Каролина,Бирюкова,2021-02-09,1987-09-21,2.4,16220.0,tmoseyoz@marketwatch.com,+33 (361) 905-8626
901,Изот,Носов,2021-05-09,1996-09-04,4.5,25366.0,kdaverenp0@photobucket.com,+62 (129) 355-2339
902,Лиана,Пестова,2015-09-27,2002-12-11,3.6,17320.0,ebirranep1@thetimes.co.uk,+46 (698) 880-5832
903,Конкордия,Вишнякова,2020-06-19,1967-07-21,1.5,25849.0,nmaceurp2@rambler.ru,+86 (652) 324-0897
904,Евграф,Муравьёв,2021-05-21,1963-02-17,0.3,20501.0,amorcombp3@wordpress.com,+62 (532) 403-1286
905,Дарья,Логинова,2020-08-01,1985-10-23,2.8,17919.0,naubryp4@nba.com,+380 (560) 900-9654
906,Спиридон,Лапин,2020-04-20,1998-09-04,0.1,19520.0,cshurmanp5@163.com,+33 (482) 200-6545
907,Инна,Харитонова,2020-12-30,1974-08-12,1.9,21391.0,astaigp6@joomla.org,+351 (428) 288-5007
908,Калерия,Зиновьева,2015-10-05,1987-07-27,3.6,16328.0,ljakubowiczp7@cnet.com,+55 (167) 963-9126
909,Фирс,Копылов,2019-10-16,1980-10-20,3.4,18913.0,ckilleleyp8@java.com,+62 (606) 790-5366
910,Алла,Юдина,2019-11-10,1961-05-27,0.9,26637.0,jdollmanp9@is.gd,+56 (214) 569-8936
911,Демид,Королёв,2017-04-24,1972-09-25,4.5,16132.0,miglesiaspa@yale.edu,+86 (740) 965-7708
912,Андроник,Кириллов,2019-02-08,1972-02-17,3.8,24248.0,hphilpotpb@hhs.gov,+359 (863) 136-1630
913,Яков,Борисов,2019-11-30,1993-05-24,3.7,26135.0,rchasteneypc@who.int,+62 (949) 439-8992
914,Боян,Потапов,2016-11-30,1991-02-21,2.0,22807.0,bmaykinpd@dion.ne.jp,+51 (912) 570-8447
915,Ярослав,Силин,2019-10-05,2003-06-05,3.8,19097.0,mmcspirronpe@vimeo.com,+51 (260) 479-6400
916,Егор,Меркушев,2019-03-26,1994-07-21,3.5,15333.0,htomepf@cloudflare.com,+420 (619) 126-9444
917,Мартын,Галкин,2019-07-01,1966-09-06,3.1,24310.0,lmacconnellpg@wunderground.com,+7 (312) 299-9104
918,Мокей,Лебедев,2018-11-23,2001-07-19,0.3,20558.0,fcarrivickph@ebay.co.uk,+86 (418) 147-1634
919,Макар,Лазарев,2019-12-02,1983-06-09,3.1,21363.0,hcaveaupi@webnode.com,+86 (591) 111-2971
920,Валерьян,Коновалов,2020-08-17,1999-06-19,2.0,19227.0,odownagepj@nsw.gov.au,+960 (584) 637-4144
921,Евлампий,Ковалёв,2017-12-28,1998-10-26,1.3,17679.0,lsizzeypk@prweb.com,+86 (432) 800-9041
922,Людмила,Колобова,2021-03-24,1997-11-05,3.0,26528.0,cmatteopl@bluehost.com,+33 (855) 608-1694
923,Серафим,Агафонов,2020-04-11,1973-11-01,1.1,27245.0,tkohnertpm@friendfeed.com,+92 (638) 585-2666
924,Роза,Хохлова,2016-05-18,1988-06-28,4.0,25987.0,amountlowpn@who.int,+36 (615) 347-6024
925,Парфен,Костин,2016-10-21,1964-01-16,2.2,17160.0,chadwickpo@edublogs.org,+55 (808) 698-2675
926,Фирс,Сергеев,2017-05-15,2003-05-30,4.2,15208.0,jmcsheepp@imdb.com,+63 (609) 701-6736
927,Капитон,Ситников,2015-12-27,1985-12-16,1.1,23257.0,kdecleynepq@nbcnews.com,+212 (269) 753-9326
928,Всеволод,Фокин,2018-09-11,1986-01-07,1.9,16850.0,bboisepr@cmu.edu,+52 (127) 779-4325
929,Радован,Потапов,2020-01-27,1972-10-16,1.2,27664.0,ochooterps@narod.ru,+30 (892) 463-7072
930,Николай,Александров,2016-03-06,2002-04-03,2.7,17766.0,mnelthroppt@bloglines.com,+86 (360) 182-5009
931,Якуб,Русаков,2018-12-04,1996-07-13,2.9,21580.0,mruoffpu@xing.com,+385 (868) 683-0546
932,Савва,Меркушев,2020-02-13,2002-12-31,0.5,25628.0,rayrepv@360.cn,+86 (809) 653-0725
933,Потап,Фомин,2019-11-03,2003-04-09,3.2,20467.0,nprestagepw@lycos.com,+506 (616) 722-4866
934,Антонин,Князев,2021-02-07,1963-12-05,2.6,16345.0,ipilmorepx@fastcompany.com,+63 (503) 148-2119
935,Амвросий,Власов,2018-02-17,1963-11-03,1.2,29225.0,pnelissenpy@zdnet.com,+49 (140) 623-9244
936,Виссарион,Нестеров,2016-09-02,1987-05-26,2.6,15654.0,ddorrinspz@deliciousdays.com,+46 (647) 190-7413
937,Фирс,Селезнёв,2020-02-17,1971-02-11,1.0,27285.0,aaylinq0@istockphoto.com,+33 (712) 473-0356
938,Млада,Рыбакова,2020-09-03,1998-05-11,2.0,20512.0,pcritchq1@jiathis.com,+33 (804) 606-6816
939,Рената,Красильникова,2021-03-01,1987-07-02,4.3,19303.0,iloanq2@marriott.com,+216 (457) 186-7480
940,Филипп,Антонов,2017-12-31,1965-10-22,3.9,21138.0,yrihaq3@nationalgeographic.com,+62 (269) 264-4987
941,Викторина,Потапова,2016-12-31,1990-02-02,0.1,28518.0,wcheeseq4@etsy.com,+55 (514) 518-0945
942,Аполлинарий,Хохлов,2021-05-11,1964-10-25,1.9,26388.0,cvanyakinq5@github.com,+504 (426) 239-2848
943,Ксения,Фролова,2017-10-20,1972-01-28,5.0,23093.0,jpipesq6@whitehouse.gov,+86 (408) 765-3778
944,Денис,Зуев,2018-12-25,1989-06-18,2.0,25092.0,jsmalecombeq7@slashdot.org,+55 (992) 933-3312
945,Ольга,Ильина,2021-06-21,1998-07-10,4.7,19116.0,wdogertyq8@hibu.com,+86 (167) 102-0317
946,Леонид,Григорьев,2020-04-25,1996-02-12,4.7,26712.0,gvandermerweq9@cafepress.com,+351 (955) 421-8938
947,Стоян,Фролов,2017-07-28,2003-01-04,1.9,16702.0,astoppqa@ed.gov,+86 (709) 788-6280
948,Милена,Гурьева,2018-05-02,1961-07-31,1.8,24048.0,wbristerqb@wunderground.com,+98 (425) 216-5407
949,Виссарион,Кулаков,2019-06-05,1968-11-03,0.1,27298.0,wyantsevqc@cocolog-nifty.com,+81 (336) 533-4935
950,Серафим,Овчинников,2021-08-26,1962-02-18,2.0,21557.0,bpinkeqd@jigsy.com,+94 (311) 977-8648
951,Давыд,Захаров,2018-02-13,1969-05-28,2.9,29104.0,bjozefczakqe@fotki.com,+62 (623) 488-5539
952,Пимен,Белоусов,2018-03-11,1966-03-02,2.5,15478.0,pharburtsonqf@imgur.com,+63 (122) 347-9556
953,Всеслава,Нестерова,2018-04-08,1982-02-12,0.3,22104.0,emooreedqg@privacy.gov.au,+7 (728) 984-4226
954,Демид,Лазарев,2016-10-06,1983-10-16,4.8,16979.0,nshropshireqh@nydailynews.com,+218 (330) 141-5533
955,Евгений,Дроздов,2015-10-17,1970-04-25,4.0,22047.0,ebestqi@columbia.edu,+81 (634) 942-1960
956,Демид,Беспалов,2019-06-13,1966-07-09,0.9,24065.0,tjanqj@harvard.edu,+86 (371) 812-5147
957,Серафима,Котова,2021-01-10,1992-08-16,0.7,28363.0,ksaffranqk@imgur.com,+1 (425) 836-0762
958,Георгий,Шаров,2020-09-17,1991-01-18,3.5,25593.0,dhelietql@businesswire.com,+86 (779) 740-3507
959,Конкордия,Котова,2020-11-19,1979-11-18,3.9,27256.0,ccunneyqm@diigo.com,+1 (244) 184-2770
960,Лучезар,Семёнов,2019-10-10,1988-02-24,1.1,23983.0,hladymanqn@cpanel.net,+86 (101) 538-2535
961,Любава,Назарова,2017-10-20,1978-06-24,0.5,24493.0,rmcgillreichqo@netvibes.com,+66 (808) 154-5015
962,Мальвина,Никитина,2019-09-13,1979-12-31,3.8,25122.0,brestorickqp@dailymotion.com,+420 (555) 913-3070
963,Болеслав,Носков,2020-05-04,1965-10-04,2.7,23405.0,dweedenburgqq@indiegogo.com,+381 (710) 793-6224
964,Агния,Колесникова,2019-11-11,1995-04-02,3.2,28240.0,lommundsenqr@livejournal.com,+81 (769) 992-6056
965,Данила,Брагин,2017-11-09,1997-11-04,2.9,19374.0,jcatchesideqs@ibm.com,+237 (835) 362-2160
966,Святослав,Евдокимов,2019-09-29,1971-04-25,4.3,20261.0,cspilstedqt@tumblr.com,+351 (499) 231-2564
967,Остромир,Беспалов,2015-10-27,2003-04-04,0.2,23711.0,bhatchellqu@harvard.edu,+63 (329) 978-0962
968,Валентина,Елисеева,2019-04-22,1986-05-23,4.8,27550.0,asummerlieqv@tinypic.com,+7 (861) 863-7222
969,Нинель,Ситникова,2017-11-09,1988-06-16,2.2,15836.0,wlukerqw@icio.us,+33 (955) 152-6021
970,Юлиан,Ширяев,2016-04-12,1961-10-11,2.6,27023.0,nmeranqx@ameblo.jp,+1 (281) 931-2591
971,Анна,Денисова,2020-12-06,1968-08-20,2.7,28361.0,djakawayqy@blogger.com,+86 (940) 946-7524
972,Агафон,Пахомов,2020-08-26,1985-02-18,3.1,15854.0,rbastonqz@simplemachines.org,+420 (332) 887-4799
973,Эрнест,Комиссаров,2015-12-03,1998-02-28,2.0,26630.0,cbridgmanr0@liveinternet.ru,+62 (681) 495-2660
974,Эммануил,Трофимов,2020-07-19,2001-10-01,4.8,21028.0,gharrawayr1@economist.com,+7 (122) 493-3654
975,Рюрик,Елисеев,2021-07-26,1974-01-04,3.9,26904.0,lrullerr2@harvard.edu,+62 (481) 479-3066
976,Анфиса,Евсеева,2015-09-14,1974-10-28,4.2,22883.0,acleavelandr3@columbia.edu,+86 (785) 971-1424
977,Платон,Лебедев,2016-03-20,2001-08-31,0.2,25326.0,hmattinsonr4@state.gov,+995 (483) 154-0608
978,Ладимир,Евдокимов,2015-09-20,1987-09-10,4.0,29312.0,lgreenhallr5@ameblo.jp,+86 (958) 590-0877
979,Ипатий,Казаков,2018-05-15,1993-07-22,1.5,17958.0,eduigedr6@twitter.com,+86 (365) 292-1873
980,Млада,Григорьева,2020-12-05,1975-05-11,2.2,18582.0,npischoffr7@mail.ru,+7 (803) 468-3907
981,Млада,Симонова,2020-01-18,1994-05-08,1.6,23146.0,ndochartyr8@examiner.com,+48 (683) 187-2348
982,Флора,Шилова,2019-05-31,1985-12-29,0.3,26332.0,jlarmouthr9@globo.com,+1 (868) 876-6812
983,Клара,Щукина,2019-01-18,1989-09-01,0.6,16601.0,drennra@google.com.br,+227 (267) 154-4158
984,Аполлон,Лихачёв,2016-11-17,2002-01-24,2.7,29419.0,abournerb@photobucket.com,+48 (529) 461-0495
985,Сократ,Комаров,2020-01-27,1995-06-15,1.7,26536.0,rparishrc@github.io,+86 (109) 681-4832
986,Емельян,Жданов,2017-12-03,1981-05-22,1.1,16229.0,ljuszczykrd@csmonitor.com,+86 (283) 977-2024
987,Алексей,Шаров,2019-05-24,1981-01-20,0.1,24300.0,cpattillore@facebook.com,+55 (818) 955-0377
988,Богдан,Дроздов,2018-06-25,1979-03-04,4.7,27573.0,ldutchrf@reverbnation.com,+86 (300) 210-2375
989,Ярослав,Стрелков,2018-05-16,1969-11-23,3.8,26949.0,tpuntonrg@themeforest.net,+62 (498) 858-5887
990,Мария,Родионова,2017-04-28,1994-01-23,3.8,16093.0,pconsadinerh@parallels.com,+63 (134) 888-2273
991,Софрон,Симонов,2017-05-24,1995-09-24,4.6,27759.0,bswinnardri@sogou.com,+970 (967) 345-8296
992,Севастьян,Панфилов,2018-01-02,1961-06-18,4.6,17217.0,mcapronrj@google.ca,+55 (424) 140-2852
993,Элеонора,Макарова,2016-08-08,1963-01-22,1.6,29155.0,pbreederk@e-recht24.de,+504 (854) 799-2756
994,Доминика,Павлова,2016-10-03,1995-12-21,4.3,25127.0,chadcockrl@ca.gov,+86 (382) 298-3943
995,Виссарион,Фомичёв,2016-01-28,1982-05-27,0.2,29645.0,gocorrinrm@netvibes.com,+86 (261) 965-3803
996,Аким,Игнатов,2016-04-19,1983-10-02,2.4,22475.0,canfreyrn@sciencedaily.com,+30 (924) 593-0183
997,Лидия,Жукова,2017-09-15,1965-08-06,0.1,28921.0,srougheyro@ebay.co.uk,+880 (556) 817-4227
998,Клавдия,Федосеева,2018-02-03,1975-09-05,2.6,25514.0,cstidworthyrp@sohu.com,+63 (533) 752-7343
999,Сигизмунд,Кабанов,2018-06-27,2002-06-15,2.3,19318.0,mitscovitzrq@webmd.com,+86 (991) 430-1761
1000,Модест,Одинцов,2016-09-26,1980-06-28,2.4,22562.0,sleasrr@163.com,+62 (423) 214-0328
